Date,Open,High,Low,Close,Volume,Currency
2019-05-21,1.0521090030670166,1.066794991493225,1.0347800254821777,1.0371359586715698,2723774,USD
2019-05-22,1.0371359586715698,1.1408809423446655,1.034034013748169,1.1217540502548218,4600126,USD
2019-05-23,1.1217540502548218,1.133929967880249,1.079421043395996,1.099153995513916,2374260,USD
2019-05-24,1.0991469621658325,1.2224819660186768,1.0891779661178589,1.196215033531189,5293479,USD
2019-05-25,1.196215033531189,1.358469009399414,1.196215033531189,1.320464015007019,5915304,USD
2019-05-26,1.320801019668579,1.4994479417800903,1.3076059818267822,1.4947760105133057,8174095,USD
2019-05-27,1.4961210489273071,1.4991530179977417,1.3790830373764038,1.388206958770752,4537073,USD
2019-05-28,1.3877530097961426,1.483625054359436,1.311018943786621,1.4461450576782227,4693617,USD
2019-05-29,1.4461450576782227,1.5357600450515747,1.408821940422058,1.5242199897766113,7324107,USD
2019-05-30,1.5242199897766113,1.5314480066299438,1.4020129442214966,1.4067749977111816,5278816,USD
2019-05-31,1.4067749977111816,1.5007059574127197,1.3966699838638306,1.4953529834747314,2548318,USD
2019-06-01,1.4953529834747314,1.5026030540466309,1.4042819738388062,1.412168025970459,1930410,USD
2019-06-02,1.412168025970459,1.48061203956604,1.4045690298080444,1.4243799448013306,2042972,USD
2019-06-03,1.4243799448013306,1.4370709657669067,1.3986239433288574,1.4045350551605225,925414,USD
2019-06-04,1.4057259559631348,1.4978439807891846,1.3470710515975952,1.4638370275497437,4343785,USD
2019-06-05,1.4646480083465576,1.5089080333709717,1.437358021736145,1.4882149696350098,3140035,USD
2019-06-06,1.48751699924469,1.6530059576034546,1.4827970266342163,1.6530059576034546,7755433,USD
2019-06-07,1.6549279689788818,1.7113029956817627,1.6271519660949707,1.6960690021514893,6354250,USD
2019-06-08,1.6959739923477173,1.7351089715957642,1.6434489488601685,1.7278310060501099,5164968,USD
2019-06-09,1.7275609970092773,1.775871992111206,1.705778956413269,1.7583750486373901,9305885,USD
2019-06-10,1.7584359645843506,1.9330660104751587,1.7456589937210083,1.9199869632720947,16229010,USD
2019-06-11,1.9198800325393677,1.96186101436615,1.8719439506530762,1.9180359840393066,9761159,USD
2019-06-12,1.9177570343017578,1.9799139499664307,1.9030029773712158,1.9749280214309692,10879236,USD
2019-06-13,1.9721579551696777,1.9775199890136719,1.8571749925613403,1.9467519521713257,18402258,USD
2019-06-14,1.9473199844360352,1.9545320272445679,1.8551290035247803,1.930614948272705,20014756,USD
2019-06-15,1.9292479753494263,1.9438719749450684,1.9063279628753662,1.9153920412063599,15348108,USD
2019-06-16,1.9153920412063599,1.9239610433578491,1.864730954170227,1.8758800029754639,18774177,USD
2019-06-17,1.8737540245056152,1.9418760538101196,1.864274024963379,1.9114940166473389,6925403,USD
2019-06-18,1.9115649461746216,1.9264769554138184,1.8552449941635132,1.8698010444641113,6221305,USD
2019-06-19,1.869168996810913,1.8748170137405396,1.8150379657745361,1.8530880212783813,3387136,USD
2019-06-20,1.8534270524978638,1.9119399785995483,1.8439500331878662,1.8892370462417603,7809732,USD
2019-06-21,1.8894950151443481,1.899245023727417,1.810696005821228,1.82948899269104,11004022,USD
2019-06-22,1.8290189504623413,1.8526350259780884,1.7669390439987183,1.8406699895858765,9338678,USD
2019-06-23,1.840939998626709,1.9224610328674316,1.8249510526657104,1.8791680335998535,6815401,USD
2019-06-24,1.8791680335998535,1.8946419954299927,1.8394559621810913,1.892549991607666,3899545,USD
2019-06-25,1.8918249607086182,1.9191219806671143,1.8670929670333862,1.915761947631836,7345707,USD
2019-06-26,1.915761947631836,2.0018389225006104,1.8738960027694702,1.8840110301971436,16418573,USD
2019-06-27,1.8840110301971436,1.9502979516983032,1.70079505443573,1.7499940395355225,11362454,USD
2019-06-28,1.7494970560073853,1.8943690061569214,1.7168689966201782,1.8325649499893188,18326840,USD
2019-06-29,1.833156943321228,1.911628007888794,1.801205039024353,1.8956049680709839,15523894,USD
2019-06-30,1.8968360424041748,1.919517993927002,1.7510919570922852,1.7578740119934082,14967396,USD
2019-07-01,1.7578740119934082,1.7834089994430542,1.726699948310852,1.7413380146026611,12775152,USD
2019-07-02,1.7395600080490112,1.7488130331039429,1.6574640274047852,1.719702959060669,15906120,USD
2019-07-03,1.7218589782714844,1.7583930492401123,1.6810400485992432,1.695618987083435,11075056,USD
2019-07-04,1.6961770057678223,1.8086129426956177,1.6938469409942627,1.7850069999694824,11438616,USD
2019-07-05,1.7844929695129395,1.786661982536316,1.6843459606170654,1.7558790445327759,11588748,USD
2019-07-06,1.7556469440460205,1.7588269710540771,1.7027679681777954,1.7067320346832275,9373915,USD
2019-07-07,1.7075129747390747,1.7244850397109985,1.6993769407272339,1.7003259658813477,7842669,USD
2019-07-08,1.6994869709014893,1.707645058631897,1.6187310218811035,1.6187310218811035,10411917,USD
2019-07-09,1.618541955947876,1.6203880310058594,1.4871970415115356,1.5791070461273193,15671102,USD
2019-07-10,1.580191969871521,1.5916179418563843,1.4869519472122192,1.5067590475082397,12351840,USD
2019-07-11,1.5064870119094849,1.5613540410995483,1.4622609615325928,1.507652997970581,13023405,USD
2019-07-12,1.507370948791504,1.5221129655838013,1.4305039644241333,1.4946579933166504,13025641,USD
2019-07-13,1.4944519996643066,1.5048069953918457,1.424551010131836,1.4276440143585205,9091522,USD
2019-07-14,1.428346037864685,1.4463599920272827,1.3899190425872803,1.406775951385498,12096616,USD
2019-07-15,1.411067008972168,1.4658030271530151,1.3742300271987915,1.456146001815796,15449154,USD
2019-07-16,1.4566359519958496,1.4685510396957397,1.3390040397644043,1.3468420505523682,13345555,USD
2019-07-17,1.3458360433578491,1.3828959465026855,1.3093960285186768,1.3513319492340088,12300798,USD
2019-07-18,1.3513280153274536,1.3535979986190796,1.2441250085830688,1.334733009338379,12367029,USD
2019-07-19,1.334733009338379,1.3390849828720093,1.2204370498657227,1.2494020462036133,15769890,USD
2019-07-20,1.248885989189148,1.3861809968948364,1.2185360193252563,1.2701539993286133,9824151,USD
2019-07-21,1.2701539993286133,1.3424780368804932,1.2393219470977783,1.2828539609909058,7077293,USD
2019-07-22,1.2832640409469604,1.345621943473816,1.27810800075531,1.2994070053100586,8038514,USD
2019-07-23,1.2998509407043457,1.3359429836273193,1.2637120485305786,1.301995038986206,6524740,USD
2019-07-24,1.301995038986206,1.3393069505691528,1.2806930541992188,1.321835994720459,6787670,USD
2019-07-25,1.3202509880065918,1.3310550451278687,1.2916619777679443,1.2946900129318237,7693942,USD
2019-07-26,1.2947930097579956,1.3170429468154907,1.276600956916809,1.2786179780960083,8985318,USD
2019-07-27,1.2786179780960083,1.3059430122375488,1.2694920301437378,1.288527011871338,7577685,USD
2019-07-28,1.288527011871338,1.2930309772491455,1.2511889934539795,1.28200101852417,5099933,USD
2019-07-29,1.2811980247497559,1.351523995399475,1.2776919603347778,1.3485020399093628,6335698,USD
2019-07-30,1.3492059707641602,1.3579339981079102,1.3019590377807617,1.3352710008621216,8521005,USD
2019-07-31,1.3350169658660889,1.3375810384750366,1.3023370504379272,1.3093010187149048,7870567,USD
2019-08-01,1.3085730075836182,1.314494013786316,1.285789966583252,1.3103450536727905,9301899,USD
2019-08-02,1.309944987297058,1.3133939504623413,1.2811130285263062,1.286242961883545,6914140,USD
2019-08-03,1.2860430479049683,1.337699055671692,1.2834899425506592,1.3261460065841675,6126841,USD
2019-08-04,1.326591968536377,1.3401410579681396,1.2858450412750244,1.3184139728546143,8254017,USD
2019-08-05,1.3185629844665527,1.3292429447174072,1.301677942276001,1.3290879726409912,9762237,USD
2019-08-06,1.3314019441604614,1.3439970016479492,1.2444829940795898,1.248576045036316,9249956,USD
2019-08-07,1.2491099834442139,1.2800569534301758,1.2481509447097778,1.2692450284957886,6562868,USD
2019-08-08,1.2692450284957886,1.2700339555740356,1.240110993385315,1.2444900274276733,7889292,USD
2019-08-09,1.2453620433807373,1.250648021697998,1.2210060358047485,1.2225890159606934,6844827,USD
2019-08-10,1.2225890159606934,1.2400150299072266,1.2177059650421143,1.234604001045227,6377969,USD
2019-08-11,1.2379950284957886,1.3192729949951172,1.2301559448242188,1.3087459802627563,7207664,USD
2019-08-12,1.3079489469528198,1.3100639581680298,1.2594300508499146,1.2659180164337158,5173144,USD
2019-08-13,1.2661240100860596,1.2703360319137573,1.2239619493484497,1.228754997253418,5559511,USD
2019-08-14,1.2282660007476807,1.290814995765686,1.2222399711608887,1.2400100231170654,9067862,USD
2019-08-15,1.2400100231170654,1.2508070468902588,1.2130539417266846,1.2266030311584473,9770985,USD
2019-08-16,1.227031946182251,1.2273290157318115,1.1657589673995972,1.1697429418563843,10462439,USD
2019-08-17,1.1684919595718384,1.2755340337753296,1.167225956916809,1.2156740427017212,10140946,USD
2019-08-18,1.2146919965744019,1.318356990814209,1.2130290269851685,1.3149969577789307,11115286,USD
2019-08-19,1.315116047859192,1.3311619758605957,1.2801640033721924,1.3267910480499268,8769122,USD
2019-08-20,1.3267910480499268,1.3473589420318604,1.291327953338623,1.3060959577560425,9793710,USD
2019-08-21,1.3051940202713013,1.3096859455108643,1.1832200288772583,1.1998709440231323,10557616,USD
2019-08-22,1.1996090412139893,1.2150599956512451,1.1909940242767334,1.2126840353012085,9580089,USD
2019-08-23,1.2126840353012085,1.2146179676055908,1.1870800256729126,1.2029139995574951,6549770,USD
2019-08-24,1.2022700309753418,1.209900975227356,1.167968988418579,1.1685669422149658,5919393,USD
2019-08-25,1.1685669422149658,1.2081060409545898,1.1685669422149658,1.1761300563812256,5507373,USD
2019-08-26,1.1725590229034424,1.2102199792861938,1.15378999710083,1.1839079856872559,6730862,USD
2019-08-27,1.1852810382843018,1.1943249702453613,1.179618000984192,1.1866300106048584,4831959,USD
2019-08-28,1.1852940320968628,1.1926339864730835,1.1496659517288208,1.150365948677063,7344170,USD
2019-08-29,1.149332046508789,1.1526639461517334,1.127977967262268,1.1383169889450073,7263072,USD
2019-08-30,1.1383169889450073,1.1473079919815063,1.1301679611206055,1.1396880149841309,6086745,USD
2019-08-31,1.1385630369186401,1.144163966178894,1.1180460453033447,1.1347459554672241,5883588,USD
2019-09-01,1.1347750425338745,1.151911973953247,1.1204049587249756,1.1492409706115723,5022303,USD
2019-09-02,1.1490390300750732,1.151183009147644,1.1122599840164185,1.1424100399017334,5761937,USD
2019-09-03,1.142745018005371,1.1430690288543701,1.115488052368164,1.126654028892517,5087267,USD
2019-09-04,1.127290964126587,1.1333860158920288,1.1010210514068604,1.1028480529785156,4777108,USD
2019-09-05,1.1028480529785156,1.107943058013916,1.0690449476242065,1.0698089599609375,6713358,USD
2019-09-06,1.0698089599609375,1.0792109966278076,1.055098056793213,1.0601669549942017,5541291,USD
2019-09-07,1.0608710050582886,1.0716769695281982,1.0568360090255737,1.0652940273284912,3647837,USD
2019-09-08,1.0654380321502686,1.0831329822540283,1.059380054473877,1.0702940225601196,5195987,USD
2019-09-09,1.0702940225601196,1.074869990348816,1.047482967376709,1.0490679740905762,4577684,USD
2019-09-10,1.0493839979171753,1.0632139444351196,1.045861005783081,1.0552860498428345,8641516,USD
2019-09-11,1.0552860498428345,1.0669399499893188,1.0516550540924072,1.062688946723938,5170231,USD
2019-09-12,1.0628809928894043,1.0702910423278809,1.061236023902893,1.0645029544830322,5754002,USD
2019-09-13,1.064689040184021,1.0708309412002563,1.0531879663467407,1.0537819862365723,8359283,USD
2019-09-14,1.0541800260543823,1.059512972831726,1.0533820390701294,1.0561939477920532,3393965,USD
2019-09-15,1.0562089681625366,1.0720499753952026,1.0545109510421753,1.0687930583953857,5601370,USD
2019-09-16,1.0684360265731812,1.0816969871520996,1.0544339418411255,1.0756850242614746,4974807,USD
2019-09-17,1.0761430263519287,1.116286039352417,1.0755289793014526,1.1118119955062866,7263553,USD
2019-09-18,1.1124989986419678,1.1183799505233765,1.1017190217971802,1.1062510013580322,7827777,USD
2019-09-19,1.1062259674072266,1.1156129837036133,1.086251974105835,1.0932409763336182,8554701,USD
2019-09-20,1.094504952430725,1.0998549461364746,1.0769670009613037,1.082527995109558,6332244,USD
2019-09-21,1.082152009010315,1.0884710550308228,1.0812269449234009,1.082929015159607,5785483,USD
2019-09-22,1.083508014678955,1.0881890058517456,1.077666997909546,1.0818829536437988,5911605,USD
2019-09-23,1.0819849967956543,1.0836069583892822,1.0578579902648926,1.0595840215682983,7420580,USD
2019-09-24,1.0594420433044434,1.1049909591674805,1.0353469848632812,1.0469189882278442,18725133,USD
2019-09-25,1.0459129810333252,1.0507359504699707,1.0355620384216309,1.0452020168304443,13845175,USD
2019-09-26,1.0452779531478882,1.0536600351333618,1.0330770015716553,1.0434130430221558,12569277,USD
2019-09-27,1.0437010526657104,1.0536739826202393,1.035491943359375,1.0530849695205688,19652563,USD
2019-09-28,1.0529240369796753,1.0536789894104004,1.0399500131607056,1.0520819425582886,14831118,USD
2019-09-29,1.0520089864730835,1.0557609796524048,1.037768006324768,1.045788049697876,10318587,USD
2019-09-30,1.045788049697876,1.0494409799575806,1.0336329936981201,1.0414559841156006,13424353,USD
2019-10-01,1.042894959449768,1.0475399494171143,1.0349570512771606,1.0420509576797485,10285778,USD
2019-10-02,1.0420509576797485,1.054927945137024,1.0368130207061768,1.041003942489624,11837094,USD
2019-10-03,1.041003942489624,1.0451500415802002,1.0373810529708862,1.0401259660720825,10557227,USD
2019-10-04,1.0400400161743164,1.0480120182037354,1.0354390144348145,1.0454909801483154,9603873,USD
2019-10-05,1.0454909801483154,1.0467959642410278,1.0353070497512817,1.0381369590759277,8065464,USD
2019-10-06,1.037814974784851,1.0392379760742188,0.960470974445343,0.9730669856071472,13378234,USD
2019-10-07,0.9724540114402771,0.9748240113258362,0.9514099955558777,0.9537929892539978,10275821,USD
2019-10-08,0.9536219835281372,0.9659749865531921,0.9458960294723511,0.9652040004730225,7686999,USD
2019-10-09,0.9652040004730225,1.009803056716919,0.9433720111846924,0.9771050214767456,12442636,USD
2019-10-10,0.9758599996566772,1.0112719535827637,0.9670000076293945,1.0078760385513306,8827572,USD
2019-10-11,1.0084580183029175,1.016286015510559,0.9860579967498779,1.0092580318450928,7873682,USD
2019-10-12,1.0096720457077026,1.0141769647598267,0.9960880279541016,0.9988960027694702,9007662,USD
2019-10-13,0.9990569949150085,1.0040760040283203,0.99344402551651,0.9977459907531738,7798497,USD
2019-10-14,0.9977459907531738,1.0003559589385986,0.9668160080909729,0.9818800091743469,8976505,USD
2019-10-15,0.9820110201835632,1.0070029497146606,0.977832019329071,0.9995309710502625,8200198,USD
2019-10-16,0.9995309710502625,1.0074520111083984,0.9921460151672363,0.9943510293960571,6551235,USD
2019-10-17,0.9940260052680969,1.0248559713363647,0.9868540167808533,1.0202970504760742,6483487,USD
2019-10-18,1.0197429656982422,1.0247620344161987,0.997963011264801,1.0033249855041504,6333878,USD
2019-10-19,1.0034849643707275,1.0225780010223389,1.0031919479370117,1.0178370475769043,6611170,USD
2019-10-20,1.016813039779663,1.0237120389938354,1.0075139999389648,1.0213559865951538,7826639,USD
2019-10-21,1.0212249755859375,1.0234299898147583,1.0071090459823608,1.0102159976959229,6656381,USD
2019-10-22,1.0104780197143555,1.012719988822937,0.9812340140342712,0.9854990243911743,6583977,USD
2019-10-23,0.9851279854774475,0.996222972869873,0.9540339708328247,0.9602890014648438,7743292,USD
2019-10-24,0.9615340232849121,0.9662600159645081,0.9457550048828125,0.9543610215187073,12828666,USD
2019-10-25,0.9543610215187073,0.9806720018386841,0.9283570051193237,0.9705470204353333,17832835,USD
2019-10-26,0.9701250195503235,0.9921839833259583,0.9528949856758118,0.9735270142555237,22971841,USD
2019-10-27,0.9735270142555237,1.001220941543579,0.9686989784240723,0.9812549948692322,15997169,USD
2019-10-28,0.98301100730896,0.9986609816551208,0.9229869842529297,0.9485710263252258,14811342,USD
2019-10-29,0.9485710263252258,0.963919997215271,0.9344480037689209,0.9418449997901917,17123840,USD
2019-10-30,0.9421560168266296,0.9533640146255493,0.9402040243148804,0.948045015335083,13666385,USD
2019-10-31,0.9481970071792603,0.9933729767799377,0.933264970779419,0.9806389808654785,14785338,USD
2019-11-01,0.9809730052947998,1.0001399517059326,0.9757279753684998,0.9935610294342041,10899783,USD
2019-11-02,0.9935610294342041,1.0166549682617188,0.9886419773101807,1.0072760581970215,6876188,USD
2019-11-03,1.0044729709625244,1.0176969766616821,0.9829769730567932,1.0047719478607178,7514507,USD
2019-11-04,1.005620002746582,1.026798963546753,0.9996989965438843,1.0110869407653809,9161802,USD
2019-11-05,1.0110869407653809,1.020117998123169,0.9886680245399475,0.9948440194129944,12672113,USD
2019-11-06,0.9945260286331177,1.001574993133545,0.9844809770584106,0.9861739873886108,13683643,USD
2019-11-07,0.9855419993400574,0.9933310151100159,0.9779099822044373,0.992143988609314,16827277,USD
2019-11-08,0.9922459721565247,0.9987949728965759,0.9807829856872559,0.9931690096855164,18496855,USD
2019-11-09,0.9933140277862549,0.9953190088272095,0.9720739722251892,0.9745259881019592,12199164,USD
2019-11-10,0.9736369848251343,0.9943779706954956,0.9614229798316956,0.991919994354248,13815800,USD
2019-11-11,0.991919994354248,0.9941629767417908,0.9665589928627014,0.9746519923210144,12877238,USD
2019-11-12,0.9766690135002136,0.9843459725379944,0.9638370275497437,0.9755150079727173,11859923,USD
2019-11-13,0.9763519763946533,0.9846720099449158,0.9589509963989258,0.9600899815559387,10069710,USD
2019-11-14,0.9601389765739441,0.9665120244026184,0.9528470039367676,0.9598349928855896,9891371,USD
2019-11-15,0.9594089984893799,0.9746419787406921,0.9550960063934326,0.9620739817619324,11726222,USD
2019-11-16,0.962440013885498,0.9783899784088135,0.9569500088691711,0.9735869765281677,8931084,USD
2019-11-17,0.9735869765281677,0.9880959987640381,0.96943199634552,0.9755210280418396,8372881,USD
2019-11-18,0.9751920104026794,0.9900799989700317,0.9658470153808594,0.9714369773864746,11620656,USD
2019-11-19,0.9718019962310791,0.9871929883956909,0.9473659992218018,0.9605140089988708,13449472,USD
2019-11-20,0.9605140089988708,0.9717000126838684,0.9553049802780151,0.9561589956283569,10263758,USD
2019-11-21,0.955722987651825,0.970320999622345,0.9384790062904358,0.9384790062904358,12867593,USD
2019-11-22,0.9384790062904358,0.9513270258903503,0.918129026889801,0.9294099807739258,18223524,USD
2019-11-23,0.9299039840698242,0.967153012752533,0.9164909720420837,0.9511340260505676,13315517,USD
2019-11-24,0.9512519836425781,0.9589849710464478,0.9262530207633972,0.9362300038337708,13756868,USD
2019-11-25,0.9348790049552917,0.940991997718811,0.895717978477478,0.9042109847068787,16676369,USD
2019-11-26,0.9045640230178833,0.9239940047264099,0.8999239802360535,0.9133260250091553,11235563,USD
2019-11-27,0.9127500057220459,0.9307829737663269,0.8863409757614136,0.9084950089454651,13038456,USD
2019-11-28,0.907721996307373,0.9597569704055786,0.9050319790840149,0.9183260202407837,10734584,USD
2019-11-29,0.9182090163230896,0.9258440136909485,0.9064279794692993,0.9112840294837952,11641015,USD
2019-11-30,0.9112840294837952,0.9223470091819763,0.9079869985580444,0.9143379926681519,9053058,USD
2019-12-01,0.9135289788246155,0.9432790279388428,0.9113950133323669,0.9204660058021545,7672143,USD
2019-12-02,0.9204130172729492,0.9351660013198853,0.9107009768486023,0.9134259819984436,7700538,USD
2019-12-03,0.9134259819984436,0.9258999824523926,0.9070690274238586,0.9183850288391113,6999772,USD
2019-12-04,0.9183070063591003,0.9283249974250793,0.9030420184135437,0.9205830097198486,7469824,USD
2019-12-05,0.9205830097198486,0.975354015827179,0.918690025806427,0.9287580251693726,7587570,USD
2019-12-06,0.9279149770736694,0.9358699917793274,0.915611982345581,0.9178370237350464,7919316,USD
2019-12-07,0.917851984500885,0.9232839941978455,0.9099689722061157,0.9137309789657593,7435436,USD
2019-12-08,0.9137309789657593,0.921455979347229,0.9104980230331421,0.9134939908981323,7033320,USD
2019-12-09,0.9134939908981323,0.9240009784698486,0.9062680006027222,0.91355299949646,6921124,USD
2019-12-10,0.9132149815559387,0.9165650010108948,0.8981750011444092,0.9032700061798096,7803670,USD
2019-12-11,0.9023510217666626,0.9061539769172668,0.8943459987640381,0.8972079753875732,7689444,USD
2019-12-12,0.8976989984512329,0.8998870253562927,0.8861539959907532,0.890330970287323,6489027,USD
2019-12-13,0.8905760049819946,0.8912389874458313,0.8816530108451843,0.8867369890213013,6382153,USD
2019-12-14,0.8866339921951294,0.8923770189285278,0.8761529922485352,0.8814399838447571,7126317,USD
2019-12-15,0.8814399838447571,0.8839309811592102,0.8374339938163757,0.8756459951400757,6669408,USD
2019-12-16,0.8756459951400757,0.8842480182647705,0.8659809827804565,0.8675959706306458,6131514,USD
2019-12-17,0.8675959706306458,0.8786860108375549,0.846867024898529,0.87739098072052,8370185,USD
2019-12-18,0.87739098072052,0.8875560164451599,0.8427249789237976,0.8784369826316833,8304703,USD
2019-12-19,0.8784369826316833,0.882847011089325,0.8374710083007812,0.849636971950531,7767541,USD
2019-12-20,0.849636971950531,0.8837339878082275,0.8435220122337341,0.8544880151748657,7039746,USD
2019-12-21,0.855771005153656,0.8624320030212402,0.8425289988517761,0.8604649901390076,6983018,USD
2019-12-22,0.8603569865226746,0.8810650110244751,0.848770022392273,0.8755059838294983,6914892,USD
2019-12-23,0.8760499954223633,0.8828030228614807,0.8236129879951477,0.831275999546051,8586978,USD
2019-12-24,0.8311769962310791,0.8330109715461731,0.8070390224456787,0.8172159790992737,7650904,USD
2019-12-25,0.8172159790992737,0.832410991191864,0.8035579919815063,0.8236730098724365,6074928,USD
2019-12-26,0.8239740133285522,0.8413959741592407,0.815617024898529,0.8394119739532471,7160955,USD
2019-12-27,0.8403220176696777,0.8425530195236206,0.820688009262085,0.8242719769477844,7062534,USD
2019-12-28,0.8246639966964722,0.8431829810142517,0.8098869919776917,0.8169639706611633,6554039,USD
2019-12-29,0.8168500065803528,0.8373969793319702,0.8136029839515686,0.8239930272102356,6545582,USD
2019-12-30,0.8231710195541382,0.8324599862098694,0.8079730272293091,0.8162230253219604,6553717,USD
2019-12-31,0.8163560032844543,0.8267809748649597,0.8112480044364929,0.8162840008735657,8253408,USD
2020-01-01,0.8162840008735657,0.8260160088539124,0.8120070099830627,0.8199599981307983,6094720,USD
2020-01-02,0.8206019997596741,0.8316890001296997,0.8136019706726074,0.8218200206756592,6016153,USD
2020-01-03,0.8261510133743286,0.8540719747543335,0.8165820240974426,0.8514789938926697,6575515,USD
2020-01-04,0.8514959812164307,0.8605449795722961,0.8416730165481567,0.8518829941749573,6349394,USD
2020-01-05,0.8517789840698242,0.865185022354126,0.8479940295219421,0.8569830060005188,6421925,USD
2020-01-06,0.8572369813919067,0.8772810101509094,0.8527740240097046,0.8716999888420105,7736059,USD
2020-01-07,0.8716999888420105,0.8888220191001892,0.8647390007972717,0.8857179880142212,7846688,USD
2020-01-08,0.8857179880142212,0.9108080267906189,0.8804380297660828,0.9015269875526428,8487726,USD
2020-01-09,0.9022120237350464,0.9023590087890625,0.861661970615387,0.8698599934577942,8461125,USD
2020-01-10,0.8675100207328796,0.8926910161972046,0.8593230247497559,0.8704959750175476,8387854,USD
2020-01-11,0.871832013130188,0.8860549926757812,0.8550900220870972,0.8596469759941101,8677610,USD
2020-01-12,0.8607280254364014,0.8752250075340271,0.8565400242805481,0.8707050085067749,7898535,USD
2020-01-13,0.8701859712600708,0.8704119920730591,0.8428800106048584,0.8468220233917236,7602413,USD
2020-01-14,0.8471260070800781,0.9071469902992249,0.8402330279350281,0.8960679769515991,8535621,USD
2020-01-15,0.8947280049324036,0.921271026134491,0.8834270238876343,0.9076200127601624,7948446,USD
2020-01-16,0.908752977848053,0.9180120229721069,0.8586969971656799,0.8632130026817322,8170884,USD
2020-01-17,0.864100992679596,0.9120870232582092,0.8622270226478577,0.8957579731941223,8709524,USD
2020-01-18,0.8966799974441528,0.9149389863014221,0.8865979909896851,0.9120749831199646,9338810,USD
2020-01-19,0.9120749831199646,0.9307690262794495,0.8736839890480042,0.8736839890480042,8551701,USD
2020-01-20,0.8736839890480042,0.9253730177879333,0.8652790188789368,0.8718469738960266,8345767,USD
2020-01-21,0.87254399061203,0.9022349715232849,0.8719279766082764,0.8999990224838257,7189720,USD
2020-01-22,0.8989610075950623,0.9032719731330872,0.889549970626831,0.894370973110199,7762007,USD
2020-01-23,0.8938069939613342,0.9063739776611328,0.8648779988288879,0.9039769768714905,10263346,USD
2020-01-24,0.9039769768714905,0.9163370132446289,0.9027150273323059,0.9145979881286621,8629720,USD
2020-01-25,0.9149760007858276,0.9157080054283142,0.9051979780197144,0.9096019864082336,7914038,USD
2020-01-26,0.9094460010528564,0.9113590121269226,0.897491991519928,0.8977530002593994,7315075,USD
2020-01-27,0.8973280191421509,0.9092199802398682,0.8917530179023743,0.9009389877319336,8804619,USD
2020-01-28,0.8999429941177368,0.9202070236206055,0.8881130218505859,0.9036840200424194,9414267,USD
2020-01-29,0.9047949910163879,0.9114999771118164,0.9007800221443176,0.9052670001983643,9119955,USD
2020-01-30,0.9048839807510376,0.90659099817276,0.8753309845924377,0.887037992477417,8893776,USD
2020-01-31,0.8871489763259888,0.890038013458252,0.8704259991645813,0.8724859952926636,9889743,USD
2020-02-01,0.8718140125274658,0.8757629990577698,0.8608419895172119,0.8718580007553101,9749461,USD
2020-02-02,0.871766984462738,0.8970800042152405,0.8693109750747681,0.8876240253448486,8885116,USD
2020-02-03,0.8876240253448486,0.8969150185585022,0.8805720210075378,0.8834609985351562,8982138,USD
2020-02-04,0.8832110166549683,0.9062560200691223,0.8803499937057495,0.8975039720535278,10173522,USD
2020-02-05,0.8975129723548889,0.9096750020980835,0.893651008605957,0.9052339792251587,9457836,USD
2020-02-06,0.9052339792251587,0.9133509993553162,0.8975570201873779,0.902521014213562,9284125,USD
2020-02-07,0.9027979969978333,0.9426599740982056,0.8979740142822266,0.9260839819908142,10101407,USD
2020-02-08,0.9264820218086243,0.9566550254821777,0.916038990020752,0.9360340237617493,12101666,USD
2020-02-09,0.9358689785003662,0.9701970219612122,0.9275869727134705,0.9654459953308105,10951381,USD
2020-02-10,0.9645479917526245,1.0028380155563354,0.9644230008125305,0.9961249828338623,9611898,USD
2020-02-11,0.9961280226707458,1.0440200567245483,0.994700014591217,1.0311369895935059,10219039,USD
2020-02-12,1.031283974647522,1.0380799770355225,0.9968690276145935,1.0158599615097046,10311567,USD
2020-02-13,1.0158599615097046,1.0271899700164795,0.9793090224266052,1.000365972518921,9624182,USD
2020-02-14,1.0007179975509644,1.0043840408325195,0.9635109901428223,0.9850599765777588,10791417,USD
2020-02-15,0.9850599765777588,1.0025990009307861,0.9651200175285339,0.9667270183563232,8662656,USD
2020-02-16,0.9661809802055359,0.9750580191612244,0.9561200141906738,0.9679350256919861,7913113,USD
2020-02-17,0.9683510065078735,0.9845899939537048,0.9612529873847961,0.9814590215682983,10970435,USD
2020-02-18,0.981328010559082,0.9891639947891235,0.9706259965896606,0.9853780269622803,8708513,USD
2020-02-19,0.9854940176010132,1.0060319900512695,0.9683399796485901,0.9893479943275452,9108182,USD
2020-02-20,0.9871000051498413,0.9954580068588257,0.9401029944419861,0.9868649840354919,13293857,USD
2020-02-21,0.9879590272903442,0.9904659986495972,0.9534170031547546,0.9572939872741699,9410427,USD
2020-02-22,0.9579809904098511,0.9677670001983643,0.9457129836082458,0.9494609832763672,8325114,USD
2020-02-23,0.9494609832763672,0.9546939730644226,0.9418950080871582,0.9474909901618958,9601306,USD
2020-02-24,0.9468950033187866,0.9587699770927429,0.9435399770736694,0.9452490210533142,7709647,USD
2020-02-25,0.9459229707717896,0.9552900195121765,0.8984950184822083,0.905426025390625,12499286,USD
2020-02-26,0.9055590033531189,0.929000973701477,0.8923280239105225,0.9274029731750488,12092684,USD
2020-02-27,0.9282730221748352,0.9648650288581848,0.9199280142784119,0.9486770033836365,9704586,USD
2020-02-28,0.9483559727668762,0.9644910097122192,0.9405400156974792,0.9539790153503418,7814602,USD
2020-02-29,0.952206015586853,0.9645959734916687,0.9405840039253235,0.9645959734916687,6956539,USD
2020-03-01,0.9631649851799011,0.9718080163002014,0.9523339867591858,0.95660400390625,7503920,USD
2020-03-02,0.9564719796180725,0.9636269807815552,0.9401739835739136,0.9549520015716553,8715555,USD
2020-03-03,0.9404699802398682,0.9611459970474243,0.9400330185890198,0.9544230103492737,7431631,USD
2020-03-04,0.955715000629425,0.9572830200195312,0.947039008140564,0.9524509906768799,9867812,USD
2020-03-05,0.9524189829826355,0.9667739868164062,0.9484789967536926,0.964156985282898,7951959,USD
2020-03-06,0.9639700055122375,0.9678739905357361,0.9584029912948608,0.96355801820755,6892459,USD
2020-03-07,0.9624000191688538,0.971265971660614,0.9623759984970093,0.9674490094184875,7182178,USD
2020-03-08,0.9674490094184875,0.997422993183136,0.9650279879570007,0.9921020269393921,7004576,USD
2020-03-09,0.9947419762611389,1.0028280019760132,0.9746159911155701,0.9791420102119446,7974460,USD
2020-03-10,0.9796090126037598,0.9943270087242126,0.9768350124359131,0.9847829937934875,8116676,USD
2020-03-11,0.9845029711723328,0.9927849769592285,0.9795370101928711,0.9832940101623535,9213263,USD
2020-03-12,0.9837629795074463,1.0339210033416748,0.9309120178222656,0.9863889813423157,6463365,USD
2020-03-13,0.9780529737472534,0.9882959723472595,0.9077020287513733,0.9418879747390747,7535203,USD
2020-03-14,0.9409739971160889,0.9584749937057495,0.8343480229377747,0.9382249712944031,1778130,USD
2020-03-15,0.9382249712944031,0.975799024105072,0.8939110040664673,0.9028840065002441,3093202,USD
2020-03-16,0.9027180075645447,0.9437249898910522,0.8121870160102844,0.8778089880943298,3192939,USD
2020-03-17,0.8780149817466736,0.9450880289077759,0.8595920205116272,0.9086099863052368,8122778,USD
2020-03-18,0.9071540236473083,0.9676290154457092,0.9030550122261047,0.9492059946060181,9735494,USD
2020-03-19,0.9492059946060181,1.0018550157546997,0.9423140287399292,0.9904800057411194,9668608,USD
2020-03-20,0.9903500080108643,1.0057270526885986,0.9550430178642273,0.9890390038490295,10587747,USD
2020-03-21,0.9907839894294739,1.0054960250854492,0.9795349836349487,0.9975289702415466,8796946,USD
2020-03-22,0.9966239929199219,1.0191669464111328,0.991424024105072,1.0040229558944702,9606753,USD
2020-03-23,1.0040229558944702,1.0244220495224,0.9827060103416443,1.012995958328247,10092729,USD
2020-03-24,1.0146369934082031,1.0352089405059814,1.0013740062713623,1.0106979608535767,9370014,USD
2020-03-25,1.010491967201233,1.0228290557861328,1.0021029710769653,1.008273959159851,9440009,USD
2020-03-26,1.008273959159851,1.0208410024642944,1.0045440196990967,1.0080820322036743,8969796,USD
2020-03-27,1.0083340406417847,1.0306739807128906,1.0029200315475464,1.0159120559692383,9898936,USD
2020-03-28,1.0149919986724854,1.0244619846343994,1.0013580322265625,1.014469027519226,9877381,USD
2020-03-29,1.0144799947738647,1.0259840488433838,1.0111329555511475,1.0153299570083618,8588927,USD
2020-03-30,1.0163480043411255,1.0417150259017944,1.0058879852294922,1.040763020515442,11289238,USD
2020-03-31,1.0401740074157715,1.0454339981079102,1.0321999788284302,1.0444350242614746,10130582,USD
2020-04-01,1.0444350242614746,1.058109998703003,1.0191359519958496,1.0490520000457764,9375131,USD
2020-04-02,1.0509519577026367,1.0583959817886353,1.0257960557937622,1.0420809984207153,10521485,USD
2020-04-03,1.0413390398025513,1.0452640056610107,1.0296159982681274,1.035485029220581,9113799,USD
2020-04-04,1.0354479551315308,1.0474799871444702,1.0258970260620117,1.0339640378952026,9024576,USD
2020-04-05,1.034343957901001,1.036241054534912,1.0269650220870972,1.0313349962234497,7819717,USD
2020-04-06,1.0314940214157104,1.0427329540252686,1.022995948791504,1.0253690481185913,10805723,USD
2020-04-07,1.0246260166168213,1.042145013809204,1.0116009712219238,1.017896056175232,12067858,USD
2020-04-08,1.0173029899597168,1.0249910354614258,1.0042510032653809,1.0176719427108765,9983278,USD
2020-04-09,1.0161360502243042,1.0283689498901367,1.011644959449768,1.0215500593185425,9494945,USD
2020-04-10,1.0218689441680908,1.034924030303955,1.0131139755249023,1.0206329822540283,9364957,USD
2020-04-11,1.0206329822540283,1.023136019706726,1.004412055015564,1.0147559642791748,7391792,USD
2020-04-12,1.0147340297698975,1.024075984954834,1.0088419914245605,1.024075984954834,9244072,USD
2020-04-13,1.023501992225647,1.035228967666626,1.0101070404052734,1.0160330533981323,8815883,USD
2020-04-14,1.0160330533981323,1.0210249423980713,1.0074659585952759,1.0148080587387085,10585908,USD
2020-04-15,1.0154589414596558,1.0263170003890991,1.010032057762146,1.0218770503997803,10828876,USD
2020-04-16,1.0210380554199219,1.0347540378570557,1.0104880332946777,1.0331339836120605,11215080,USD
2020-04-17,1.0327049493789673,1.0396499633789062,1.0265549421310425,1.0382039546966553,12857351,USD
2020-04-18,1.0382039546966553,1.0434919595718384,1.0274070501327515,1.0346299409866333,11664777,USD
2020-04-19,1.036147952079773,1.0509929656982422,1.0310540199279785,1.0418930053710938,12498402,USD
2020-04-20,1.0418930053710938,1.0496879816055298,1.0332130193710327,1.038485050201416,13063216,USD
2020-04-21,1.0385669469833374,1.04892897605896,1.0335990190505981,1.0421810150146484,11499616,USD
2020-04-22,1.0442060232162476,1.0524729490280151,1.0363320112228394,1.0422970056533813,11343278,USD
2020-04-23,1.0417660474777222,1.049528956413269,1.0231659412384033,1.04038405418396,11521019,USD
2020-04-24,1.0395989418029785,1.056095004081726,1.0332159996032715,1.0543880462646484,11372879,USD
2020-04-25,1.0539300441741943,1.0600980520248413,1.04447603225708,1.051954984664917,11441230,USD
2020-04-26,1.0517339706420898,1.0591200590133667,1.0422890186309814,1.0464129447937012,10752314,USD
2020-04-27,1.0467770099639893,1.0582150220870972,1.0435899496078491,1.052670955657959,11285191,USD
2020-04-28,1.0529910326004028,1.0599950551986694,1.045644998550415,1.0537960529327393,11478964,USD
2020-04-29,1.0541670322418213,1.0742449760437012,1.0404130220413208,1.0716869831085205,13015907,USD
2020-04-30,1.0717109441757202,1.075881004333496,1.0547900199890137,1.068099021911621,12290170,USD
2020-05-01,1.068099021911621,1.0739719867706299,1.0602949857711792,1.0683200359344482,11604696,USD
2020-05-02,1.0702179670333862,1.0752500295639038,1.0581660270690918,1.0654929876327515,12283931,USD
2020-05-03,1.0643630027770996,1.0731300115585327,1.057911992073059,1.0645519495010376,11048796,USD
2020-05-04,1.0646649599075317,1.0814980268478394,1.0535919666290283,1.054373025894165,14872834,USD
2020-05-05,1.054414987564087,1.071714997291565,0.9956939816474915,1.0235220193862915,25511283,USD
2020-05-06,1.0210150480270386,1.1312220096588135,1.0190999507904053,1.0669260025024414,28087444,USD
2020-05-07,1.0669260025024414,1.0806310176849365,1.048738956451416,1.0652199983596802,27424049,USD
2020-05-08,1.0652199983596802,1.0745760202407837,1.0562419891357422,1.061244010925293,19967485,USD
2020-05-09,1.0612809658050537,1.072268009185791,1.0560139417648315,1.0718200206756592,14509160,USD
2020-05-10,1.0723810195922852,1.1115520000457764,1.0614889860153198,1.0991580486297607,14653985,USD
2020-05-11,1.0988390445709229,1.1124600172042847,1.0661159753799438,1.0861120223999023,13613769,USD
2020-05-12,1.0852359533309937,1.1326539516448975,1.0835349559783936,1.1292760372161865,22843781,USD
2020-05-13,1.1285419464111328,1.1569889783859253,1.0645240545272827,1.1193790435791016,20525662,USD
2020-05-14,1.119634985923767,1.1198680400848389,1.0691150426864624,1.1002229452133179,22996718,USD
2020-05-15,1.0982309579849243,1.114014983177185,1.0809240341186523,1.0866190195083618,22320229,USD
2020-05-16,1.0869810581207275,1.0958490371704102,1.076859951019287,1.0909329652786255,17248356,USD
2020-05-17,1.0907299518585205,1.1240119934082031,1.0791460275650024,1.0816609859466553,26732788,USD
2020-05-18,1.0825990438461304,1.0925029516220093,1.0750160217285156,1.0823129415512085,30089694,USD
2020-05-19,1.0824660062789917,1.091521978378296,1.0772299766540527,1.0832749605178833,13634561,USD
2020-05-20,1.080368995666504,1.107377052307129,1.0797220468521118,1.1029210090637207,11877700,USD
2020-05-21,1.1032530069351196,1.1274410486221313,1.1032530069351196,1.1225179433822632,12422358,USD
2020-05-22,1.1227740049362183,1.1409610509872437,1.1184810400009155,1.1376570463180542,12158789,USD
2020-05-23,1.1377320289611816,1.1419709920883179,1.1256539821624756,1.13931405544281,11045978,USD
2020-05-24,1.138893961906433,1.1549930572509766,1.1282219886779785,1.140447974205017,11688472,USD
2020-05-25,1.1398550271987915,1.1492999792099,1.1329460144042969,1.144901990890503,13466762,USD
2020-05-26,1.1455739736557007,1.149325966835022,1.134477972984314,1.1406819820404053,13199969,USD
2020-05-27,1.1406819820404053,1.150033950805664,1.1365519762039185,1.1472740173339844,13338630,USD
2020-05-28,1.1473619937896729,1.1651519536972046,1.1434600353240967,1.1638699769973755,12885124,USD
2020-05-29,1.1630959510803223,1.1832209825515747,1.1598329544067383,1.1823309659957886,12075844,USD
2020-05-30,1.182183027267456,1.192445993423462,1.1741679906845093,1.183027982711792,14086866,USD
2020-05-31,1.1834620237350464,1.1944160461425781,1.1814340353012085,1.1839690208435059,13661572,USD
2020-06-01,1.185217022895813,1.1929609775543213,1.1529619693756104,1.1913830041885376,13922745,USD
2020-06-02,1.191228985786438,1.213284969329834,1.1714470386505127,1.19051194190979,14315195,USD
2020-06-03,1.19051194190979,1.2291560173034668,1.1899060010910034,1.198881983757019,11106305,USD
2020-06-04,1.197854995727539,1.2256269454956055,1.1969449520111084,1.2234300374984741,11881042,USD
2020-06-05,1.2234300374984741,1.2417850494384766,1.2195179462432861,1.2338550090789795,12025388,USD
2020-06-06,1.2338550090789795,1.2618839740753174,1.225869059562683,1.2468550205230713,12132342,USD
2020-06-07,1.2468550205230713,1.2556689977645874,1.233870029449463,1.2454580068588257,13389965,USD
2020-06-08,1.2464220523834229,1.2561310529708862,1.239753007888794,1.2465410232543945,13516394,USD
2020-06-09,1.2486239671707153,1.261383056640625,1.2401950359344482,1.2525800466537476,13124027,USD
2020-06-10,1.2531659603118896,1.2599979639053345,1.2365599870681763,1.2511459589004517,13922802,USD
2020-06-11,1.2512160539627075,1.265328049659729,1.2398170232772827,1.2435879707336426,14424696,USD
2020-06-12,1.2442669868469238,1.248049020767212,1.234490990638733,1.2411370277404785,14568510,USD
2020-06-13,1.2414350509643555,1.2501970529556274,1.2367600202560425,1.2444560527801514,15005172,USD
2020-06-14,1.2449619770050049,1.2459739446640015,1.1590900421142578,1.175331950187683,12914114,USD
2020-06-15,1.175186038017273,1.1839179992675781,1.1525429487228394,1.1574870347976685,14368882,USD
2020-06-16,1.1573710441589355,1.1628919839859009,1.1343870162963867,1.140120029449463,12761031,USD
2020-06-17,1.1399270296096802,1.1448760032653809,1.1361279487609863,1.1402950286865234,13036709,USD
2020-06-18,1.1403599977493286,1.1462299823760986,1.1387059688568115,1.1438770294189453,12976311,USD
2020-06-19,1.1437350511550903,1.1572120189666748,1.1366130113601685,1.1472970247268677,13975327,USD
2020-06-20,1.1479010581970215,1.1736479997634888,1.1472690105438232,1.1657390594482422,14074737,USD
2020-06-21,1.165168046951294,1.176239013671875,1.160470962524414,1.1624269485473633,13973408,USD
2020-06-22,1.1618469953536987,1.1734720468521118,1.1439549922943115,1.1515289545059204,14358136,USD
2020-06-23,1.150681972503662,1.1662989854812622,1.1387380361557007,1.162593960762024,12689692,USD
2020-06-24,1.162788987159729,1.1789369583129883,1.1607320308685303,1.177541971206665,14182221,USD
2020-06-25,1.177238941192627,1.2043780088424683,1.1748039722442627,1.200646996498108,13417055,USD
2020-06-26,1.2003159523010254,1.2294000387191772,1.1995669603347778,1.2225069999694824,14499252,USD
2020-06-27,1.2224949598312378,1.2465790510177612,1.2176580429077148,1.2349480390548706,14453588,USD
2020-06-28,1.2349480390548706,1.2611650228500366,1.2240550518035889,1.2457079887390137,16272567,USD
2020-06-29,1.2451549768447876,1.2671170234680176,1.2392170429229736,1.2554739713668823,16512465,USD
2020-06-30,1.2545130252838135,1.2692840099334717,1.2468409538269043,1.261098027229309,16275789,USD
2020-07-01,1.2614799737930298,1.2756479978561401,1.2469470500946045,1.2528510093688965,16217271,USD
2020-07-02,1.2533440589904785,1.2724939584732056,1.2480930089950562,1.2651000022888184,15469442,USD
2020-07-03,1.2652629613876343,1.2691730260849,1.235651969909668,1.2390600442886353,16521114,USD
2020-07-04,1.2397149801254272,1.251734972000122,1.2281039953231812,1.235785961151123,16532377,USD
2020-07-05,1.234523057937622,1.241152048110962,1.182513952255249,1.1834499835968018,11295614,USD
2020-07-06,1.1834499835968018,1.2225589752197266,1.1822619438171387,1.2173370122909546,16511041,USD
2020-07-07,1.2168949842453003,1.2509880065917969,1.2115999460220337,1.2275609970092773,15657639,USD
2020-07-08,1.2275609970092773,1.2325210571289062,1.2081199884414673,1.2273410558700562,17416629,USD
2020-07-09,1.2273410558700562,1.2315959930419922,1.206503987312317,1.229599952697754,16711668,USD
2020-07-10,1.2283389568328857,1.228790044784546,1.2061729431152344,1.2175379991531372,14986199,USD
2020-07-11,1.2179960012435913,1.2214020490646362,1.1952710151672363,1.196823000907898,15948731,USD
2020-07-12,1.1976020336151123,1.2006779909133911,1.120954990386963,1.1239010095596313,17370954,USD
2020-07-13,1.1239010095596313,1.1265619993209839,1.108633041381836,1.1204160451889038,13021731,USD
2020-07-14,1.1204160451889038,1.1613399982452393,1.118265986442566,1.126127004623413,17922189,USD
2020-07-15,1.1259909868240356,1.1630879640579224,1.1249749660491943,1.1489039659500122,18060899,USD
2020-07-16,1.1492919921875,1.173321008682251,1.1472569704055786,1.1677939891815186,18123126,USD
2020-07-17,1.1676019430160522,1.189648985862732,1.166651964187622,1.1856629848480225,16120184,USD
2020-07-18,1.1856420040130615,1.1900349855422974,1.167672038078308,1.1690729856491089,15378665,USD
2020-07-19,1.1693799495697021,1.1696460247039795,1.132343053817749,1.1468260288238525,15080356,USD
2020-07-20,1.146939992904663,1.1738630533218384,1.146939992904663,1.1715199947357178,13992330,USD
2020-07-21,1.1719000339508057,1.1797319650650024,1.1658320426940918,1.1753549575805664,15880615,USD
2020-07-22,1.1754100322723389,1.1808120012283325,1.166754961013794,1.1776100397109985,14713062,USD
2020-07-23,1.1776100397109985,1.1873339414596558,1.1736340522766113,1.1833009719848633,16619917,USD
2020-07-24,1.1833009719848633,1.1914939880371094,1.1833009719848633,1.187567949295044,14938822,USD
2020-07-25,1.1883130073547363,1.2141879796981812,1.1855839490890503,1.2105540037155151,14609444,USD
2020-07-26,1.210057020187378,1.2290600538253784,1.1998389959335327,1.2137869596481323,15987090,USD
2020-07-27,1.2136130332946777,1.2628530263900757,1.2128829956054688,1.2488089799880981,16625963,USD
2020-07-28,1.2483350038528442,1.259106993675232,1.243373990058899,1.2508039474487305,17369261,USD
2020-07-29,1.2500669956207275,1.2581959962844849,1.2443920373916626,1.2518600225448608,16861039,USD
2020-07-30,1.2518600225448608,1.2590759992599487,1.2466559410095215,1.252761960029602,15709809,USD
2020-07-31,1.2536180019378662,1.2621840238571167,1.2497249841690063,1.2578459978103638,16215728,USD
2020-08-01,1.2578459978103638,1.2721960544586182,1.2512929439544678,1.2595900297164917,16345294,USD
2020-08-02,1.2619520425796509,1.3360780477523804,1.2592699527740479,1.2704919576644897,16295703,USD
2020-08-03,1.2704919576644897,1.2864420413970947,1.2650480270385742,1.2740379571914673,14794662,USD
2020-08-04,1.2740310430526733,1.2789280414581299,1.270043969154358,1.2717679738998413,14589990,USD
2020-08-05,1.2715760469436646,1.2818609476089478,1.270095944404602,1.2749910354614258,14591780,USD
2020-08-06,1.2749910354614258,1.279899001121521,1.2720060348510742,1.2739249467849731,12772066,USD
2020-08-07,1.2740579843521118,1.2944060564041138,1.2695740461349487,1.284168004989624,13832219,USD
2020-08-08,1.2842060327529907,1.2939610481262207,1.2756340503692627,1.2837159633636475,13843650,USD
2020-08-09,1.2833839654922485,1.2926950454711914,1.2738490104675293,1.2743070125579834,14615938,USD
2020-08-10,1.2743070125579834,1.2880909442901611,1.2617100477218628,1.2637150287628174,15339193,USD
2020-08-11,1.2626080513000488,1.2792890071868896,1.2617770433425903,1.2731809616088867,16033604,USD
2020-08-12,1.2736890316009521,1.2942060232162476,1.256993055343628,1.2781380414962769,15624652,USD
2020-08-13,1.2779239416122437,1.2940380573272705,1.2579779624938965,1.2877570390701294,13780459,USD
2020-08-14,1.2859610319137573,1.2920260429382324,1.2482680082321167,1.2565510272979736,13831182,USD
2020-08-15,1.256890058517456,1.2943320274353027,1.2546230554580688,1.2832119464874268,13674241,USD
2020-08-16,1.284930944442749,1.2896939516067505,1.270292043685913,1.285688042640686,12243528,USD
2020-08-17,1.285688042640686,1.298930048942566,1.2585270404815674,1.2690420150756836,14828599,USD
2020-08-18,1.2667829990386963,1.2785710096359253,1.2610989809036255,1.2654809951782227,14029848,USD
2020-08-19,1.265212059020996,1.2757240533828735,1.2595139741897583,1.2652009725570679,13735484,USD
2020-08-20,1.2652009725570679,1.2688549757003784,1.260817050933838,1.2664159536361694,11815847,USD
2020-08-21,1.2663120031356812,1.2724419832229614,1.2570439577102661,1.268286943435669,12068325,USD
2020-08-22,1.266055941581726,1.2724289894104004,1.2598390579223633,1.2618169784545898,12122591,USD
2020-08-23,1.2623250484466553,1.2702120542526245,1.2599910497665405,1.2651770114898682,12149151,USD
2020-08-24,1.2655279636383057,1.2718759775161743,1.2616939544677734,1.263146996498108,11904982,USD
2020-08-25,1.2637979984283447,1.273311972618103,1.2572619915008545,1.2594430446624756,12870193,USD
2020-08-26,1.260221004486084,1.2650959491729736,1.255849003791809,1.2628370523452759,11988515,USD
2020-08-27,1.262969970703125,1.2707970142364502,1.256716012954712,1.264752984046936,12011250,USD
2020-08-28,1.264754056930542,1.2735600471496582,1.260543942451477,1.2676270008087158,13380470,USD
2020-08-29,1.2674249410629272,1.2732889652252197,1.2602620124816895,1.2675340175628662,13468207,USD
2020-08-30,1.2669659852981567,1.2751410007476807,1.2640279531478882,1.2725269794464111,13133545,USD
2020-08-31,1.2723939418792725,1.2791850566864014,1.2678780555725098,1.27475905418396,12963667,USD
2020-09-01,1.2745369672775269,1.280722975730896,1.2709720134735107,1.278668999671936,13675507,USD
2020-09-02,1.2764339447021484,1.2914530038833618,1.2609360218048096,1.264543056488037,13408008,USD
2020-09-03,1.265388011932373,1.281167984008789,1.2408560514450073,1.2598170042037964,13552581,USD
2020-09-04,1.2561709880828857,1.263895034790039,1.2241040468215942,1.2401989698410034,14124384,USD
2020-09-05,1.2405999898910522,1.243857979774475,1.187461018562317,1.195444941520691,14812399,USD
2020-09-06,1.1955569982528687,1.2234489917755127,1.1916719675064087,1.219565987586975,13666671,USD
2020-09-07,1.2200210094451904,1.2260799407958984,1.1964600086212158,1.2147489786148071,13843427,USD
2020-09-08,1.214100956916809,1.2286159992218018,1.2086039781570435,1.2172329425811768,13084264,USD
2020-09-09,1.217136025428772,1.2219690084457397,1.209136962890625,1.2132060527801514,12623442,USD
2020-09-10,1.2132060527801514,1.2227360010147095,1.177914023399353,1.1845519542694092,13787720,USD
2020-09-11,1.1842050552368164,1.2075339555740356,1.130365014076233,1.2073750495910645,11128594,USD
2020-09-12,1.2062220573425293,1.2531620264053345,1.204813003540039,1.2416609525680542,13336811,USD
2020-09-13,1.2416609525680542,1.2481050491333008,1.225100040435791,1.229822039604187,13395923,USD
2020-09-14,1.2301100492477417,1.2515980005264282,1.1421740055084229,1.1507090330123901,14714246,USD
2020-09-15,1.1507090330123901,1.195180058479309,1.1398999691009521,1.140586018562317,14894812,USD
2020-09-16,1.1404529809951782,1.1717339754104614,1.13652503490448,1.1580719947814941,16012239,USD
2020-09-17,1.1580719947814941,1.194180965423584,1.154587984085083,1.1921919584274292,14239717,USD
2020-09-18,1.1921919584274292,1.2116769552230835,1.1901710033416748,1.2094919681549072,8885310,USD
2020-09-19,1.209501028060913,1.2284079790115356,1.2050659656524658,1.2213449478149414,7031021,USD
2020-09-20,1.2206039428710938,1.247799038887024,1.2203550338745117,1.2419220209121704,14366126,USD
2020-09-21,1.2427940368652344,1.2488709688186646,1.2065180540084839,1.2347190380096436,14978692,USD
2020-09-22,1.2367490530014038,1.2477120161056519,1.2305660247802734,1.2424910068511963,16279294,USD
2020-09-23,1.2411530017852783,1.245872974395752,1.224586009979248,1.226544976234436,16031957,USD
2020-09-24,1.2304209470748901,1.2423570156097412,1.18202805519104,1.2414480447769165,16907366,USD
2020-09-25,1.2414480447769165,1.24413001537323,1.2344729900360107,1.2378679513931274,16335408,USD
2020-09-26,1.239801049232483,1.2415879964828491,1.2320749759674072,1.2365000247955322,16625659,USD
2020-09-27,1.2366399765014648,1.2484400272369385,1.232306957244873,1.2465300559997559,15948194,USD
2020-09-28,1.24748694896698,1.2534090280532837,1.2448300123214722,1.2514790296554565,12802237,USD
2020-09-29,1.2514829635620117,1.2617089748382568,1.2512019872665405,1.2606910467147827,13739798,USD
2020-09-30,1.2607059478759766,1.2769709825515747,1.2577320337295532,1.276945948600769,16507161,USD
2020-10-01,1.275683045387268,1.2783490419387817,1.2670400142669678,1.2683889865875244,16606629,USD
2020-10-02,1.268846035003662,1.277688980102539,1.2616089582443237,1.2663630247116089,16070936,USD
2020-10-03,1.264343023300171,1.269629955291748,1.2482609748840332,1.2483930587768555,14917999,USD
2020-10-04,1.2483969926834106,1.2500519752502441,1.1980869770050049,1.2283990383148193,13836225,USD
2020-10-05,1.2283990383148193,1.2319669723510742,1.2020059823989868,1.2179900407791138,15252301,USD
2020-10-06,1.2160619497299194,1.240399956703186,1.1971700191497803,1.2012519836425781,14859131,USD
2020-10-07,1.2012569904327393,1.208819031715393,1.196889042854309,1.202038049697876,3293066,USD
2020-10-08,1.2045329809188843,1.2222310304641724,1.1972750425338745,1.220818042755127,2439628,USD
2020-10-09,1.2193299531936646,1.241824984550476,1.2024710178375244,1.2031010389328003,2720819,USD
2020-10-10,1.2027089595794678,1.2248209714889526,1.1933640241622925,1.194653034210205,3624875,USD
2020-10-11,1.1946849822998047,1.1949290037155151,1.173611044883728,1.1839250326156616,3324198,USD
2020-10-12,1.1840189695358276,1.1943180561065674,1.1710100173950195,1.1833200454711914,3480924,USD
2020-10-13,1.1910300254821777,1.1967170238494873,1.174556016921997,1.186581015586853,3643915,USD
2020-10-14,1.1865710020065308,1.1880919933319092,1.1831920146942139,1.1855219602584839,14254203,USD
2020-10-15,1.185034990310669,1.1881439685821533,1.1828850507736206,1.183467984199524,10055291,USD
2020-10-16,1.1844420433044434,1.187559962272644,1.1824250221252441,1.1855700016021729,9869090,USD
2020-10-17,1.1847100257873535,1.1956650018692017,1.1825900077819824,1.1924879550933838,9300941,USD
2020-10-18,1.1918590068817139,1.2025879621505737,1.1902259588241577,1.2025879621505737,6825651,USD
2020-10-19,1.202584981918335,1.2207939624786377,1.2025729417800903,1.2150330543518066,9926990,USD
2020-10-20,1.2131489515304565,1.2207540273666382,1.2086910009384155,1.2167229652404785,11178377,USD
2020-10-21,1.2167580127716064,1.2407300472259521,1.2075799703598022,1.2360639572143555,9789938,USD
2020-10-22,1.236204981803894,1.2513320446014404,1.2327649593353271,1.2500460147857666,12335227,USD
2020-10-23,1.250033974647522,1.2514859437942505,1.2475910186767578,1.249107003211975,10016850,USD
2020-10-24,1.249107003211975,1.2498379945755005,1.2436460256576538,1.2483890056610107,10213615,USD
2020-10-25,1.2483890056610107,1.251710057258606,1.2427459955215454,1.2514009475708008,8539104,USD
2020-10-26,1.2514009475708008,1.271170973777771,1.2514009475708008,1.2687180042266846,10578210,USD
2020-10-27,1.2687180042266846,1.28580904006958,1.2686580419540405,1.2836010456085205,8628079,USD
2020-10-28,1.2836010456085205,1.285668969154358,1.2714240550994873,1.2799170017242432,12353983,USD
2020-10-29,1.2799170017242432,1.284085988998413,1.2586859464645386,1.264902949333191,10095355,USD
2020-10-30,1.2649040222167969,1.2760030031204224,1.2649040222167969,1.2708909511566162,9155240,USD
2020-10-31,1.2708909511566162,1.2743730545043945,1.2579460144042969,1.2656830549240112,9101532,USD
2020-11-01,1.2656830549240112,1.2748689651489258,1.258376955986023,1.2627530097961426,8954782,USD
2020-11-02,1.2627530097961426,1.267564058303833,1.2580339908599854,1.2623549699783325,10130531,USD
2020-11-03,1.2623540163040161,1.2668410539627075,1.248183012008667,1.2550890445709229,10809880,USD
2020-11-04,1.2550890445709229,1.2580649852752686,1.2479939460754395,1.2533340454101562,9838703,USD
2020-11-05,1.2533340454101562,1.2623859643936157,1.2449860572814941,1.2491910457611084,10804006,USD
2020-11-06,1.2491910457611084,1.284958004951477,1.2449790239334106,1.2705509662628174,9951573,USD
2020-11-07,1.2705509662628174,1.2848130464553833,1.2700140476226807,1.2776390314102173,10003443,USD
2020-11-08,1.2776390314102173,1.2867180109024048,1.2747210264205933,1.285933017730713,9089748,USD
2020-11-09,1.285933017730713,1.286864995956421,1.2790889739990234,1.2852890491485596,10952691,USD
2020-11-10,1.2852890491485596,1.2981740236282349,1.2806899547576904,1.2953239679336548,11218675,USD
2020-11-11,1.2953239679336548,1.3040430545806885,1.291064977645874,1.3010239601135254,11378400,USD
2020-11-12,1.3010239601135254,1.3023229837417603,1.2884279489517212,1.2912650108337402,10194439,USD
2020-11-13,1.2912659645080566,1.3008970022201538,1.2871589660644531,1.2883150577545166,10228673,USD
2020-11-14,1.2883150577545166,1.288398027420044,1.267812967300415,1.27082097530365,12039644,USD
2020-11-15,1.27082097530365,1.2758569717407227,1.2675950527191162,1.2711869478225708,9357677,USD
2020-11-16,1.2711869478225708,1.2757740020751953,1.2439969778060913,1.2568320035934448,11792033,USD
2020-11-17,1.274453043937683,1.3008559942245483,1.273906946182251,1.2995740175247192,13479733,USD
2020-11-18,1.2995740175247192,1.3010950088500977,1.2939859628677368,1.297760009765625,13265007,USD
2020-11-19,1.297760009765625,1.2992830276489258,1.2614569664001465,1.265740990638733,12815718,USD
2020-11-20,1.265740990638733,1.2753750085830688,1.261348009109497,1.2669780254364014,13017992,USD
2020-11-21,1.2669780254364014,1.2752619981765747,1.2606240510940552,1.2629549503326416,16123606,USD
2020-11-22,1.2629549503326416,1.2870529890060425,1.2629549503326416,1.2756940126419067,17051795,USD
2020-11-23,1.2756940126419067,1.3004549741744995,1.2727669477462769,1.2989369630813599,16909274,USD
2020-11-24,1.2989540100097656,1.3237600326538086,1.2759989500045776,1.321800947189331,12317481,USD
2020-11-25,1.3217740058898926,1.3258570432662964,1.2918139696121216,1.3148000240325928,17556563,USD
2020-11-26,1.314790964126587,1.3329099416732788,1.3106770515441895,1.3298150300979614,16100910,USD
2020-11-27,1.3299260139465332,1.34128999710083,1.3266910314559937,1.3405189514160156,17800606,USD
2020-11-28,1.3405259847640991,1.3436110019683838,1.3387900590896606,1.3423190116882324,9320346,USD
2020-11-29,1.342337965965271,1.352936029434204,1.3409639596939087,1.3520499467849731,16270385,USD
2020-11-30,1.3520450592041016,1.3693629503250122,1.3456239700317383,1.3507020473480225,15592218,USD
2020-12-01,1.350695013999939,1.3749029636383057,1.3484430313110352,1.3741049766540527,14495523,USD
2020-12-02,1.374163031578064,1.3751920461654663,1.361886978149414,1.3634190559387207,12568678,USD
2020-12-03,1.363448977470398,1.3650399446487427,1.3522599935531616,1.3631290197372437,9411823,USD
2020-12-04,1.3631290197372437,1.3654990196228027,1.3505339622497559,1.3614439964294434,10278974,USD
2020-12-05,1.361430048942566,1.3649929761886597,1.36142897605896,1.3631399869918823,10037688,USD
2020-12-06,1.363139033317566,1.3644239902496338,1.3496530055999756,1.351943016052246,9693672,USD
2020-12-07,1.3519630432128906,1.3570729494094849,1.3378249406814575,1.3512829542160034,8323372,USD
2020-12-08,1.351356029510498,1.3558349609375,1.3369979858398438,1.339730978012085,8328231,USD
2020-12-09,1.3396810293197632,1.3609249591827393,1.3370009660720825,1.35772705078125,8540109,USD
2020-12-10,1.3576630353927612,1.3651560544967651,1.3564510345458984,1.362408995628357,7365839,USD
2020-12-11,1.3624980449676514,1.3648630380630493,1.3517889976501465,1.3594460487365723,9382151,USD
2020-12-12,1.3594650030136108,1.3651070594787598,1.3529729843139648,1.361525058746338,7550034,USD
2020-12-13,1.3614840507507324,1.3648589849472046,1.352808952331543,1.3558900356292725,8398433,USD
2020-12-14,1.355823040008545,1.3646600246429443,1.3518320322036743,1.3601319789886475,7428709,USD
2020-12-15,1.360164999961853,1.3642319440841675,1.3522950410842896,1.361719012260437,7480429,USD
2020-12-16,1.3616880178451538,1.3654890060424805,1.3520530462265015,1.3584909439086914,7677180,USD
2020-12-17,1.3585410118103027,1.3653390407562256,1.351557970046997,1.356719970703125,7286527,USD
2020-12-18,1.3567739725112915,1.3654849529266357,1.3533990383148193,1.3628400564193726,7850841,USD
2020-12-19,1.3628050088882446,1.3658430576324463,1.3530399799346924,1.3556150197982788,13736743,USD
2020-12-20,1.3556170463562012,1.3651319742202759,1.3515830039978027,1.3525899648666382,15828856,USD
2020-12-21,1.3525899648666382,1.3603730201721191,1.3502320051193237,1.3523850440979004,17784539,USD
2020-12-22,1.3523670434951782,1.3603249788284302,1.3506410121917725,1.3551009893417358,18100464,USD
2020-12-23,1.3551150560379028,1.3644829988479614,1.351593017578125,1.362362027168274,16295652,USD
2020-12-24,1.3623219728469849,1.3643720149993896,1.3514790534973145,1.3600599765777588,10496913,USD
2020-12-25,1.3601160049438477,1.364825963973999,1.3519879579544067,1.358667016029358,13785413,USD
2020-12-26,1.3586620092391968,1.365785002708435,1.3529390096664429,1.3608429431915283,6538749,USD
2020-12-27,1.3609000444412231,1.3645750284194946,1.3497660160064697,1.355591058731079,15383093,USD
2020-12-28,1.355591058731079,1.3584719896316528,1.3506749868392944,1.3537850379943848,11381363,USD
2020-12-29,1.3537540435791016,1.3585710525512695,1.3524179458618164,1.3574110269546509,6205793,USD
2020-12-30,1.3574049472808838,1.3586540222167969,1.3508789539337158,1.3531800508499146,15289556,USD
2020-12-31,1.3531930446624756,1.3588260412216187,1.3513540029525757,1.3583279848098755,6839469,USD
2021-01-01,1.358301043510437,1.3591480255126953,1.3551379442214966,1.3564050197601318,11099707,USD
2021-01-02,1.3564369678497314,1.3576339483261108,1.3547780513763428,1.3565900325775146,10160156,USD
2021-01-03,1.3568140268325806,1.3653969764709473,1.3528870344161987,1.3529280424118042,10087327,USD
2021-01-04,1.352970004081726,1.3553930521011353,1.3475420475006104,1.3482320308685303,19398784,USD
2021-01-05,1.3482069969177246,1.3517290353775024,1.3478269577026367,1.3506109714508057,19103166,USD
2021-01-06,1.3506170511245728,1.353909969329834,1.3404639959335327,1.3434970378875732,18415147,USD
2021-01-07,1.3436130285263062,1.3468199968338013,1.3284200429916382,1.333840012550354,18910354,USD
2021-01-08,1.3339259624481201,1.33877694606781,1.3283179998397827,1.3351999521255493,19639041,USD
2021-01-09,1.3352420330047607,1.3427180051803589,1.3290040493011475,1.3405989408493042,19736386,USD
2021-01-10,1.3406970500946045,1.3420029878616333,1.3290530443191528,1.3369200229644775,18441344,USD
2021-01-11,1.3369009494781494,1.3409429788589478,1.3281699419021606,1.336972951889038,19742276,USD
2021-01-12,1.3369859457015991,1.3401050567626953,1.3297120332717896,1.3308130502700806,18724090,USD
2021-01-13,1.330746054649353,1.3384000062942505,1.3287899494171143,1.3338359594345093,16747429,USD
2021-01-14,1.3338030576705933,1.3382190465927124,1.3287019729614258,1.3360329866409302,16353457,USD
2021-01-15,1.3360129594802856,1.33775794506073,1.328037977218628,1.3366470336914062,16534357,USD
2021-01-16,1.3365960121154785,1.3399239778518677,1.3289259672164917,1.331676959991455,17746276,USD
2021-01-17,1.3317090272903442,1.3396400213241577,1.3291430473327637,1.329753041267395,17732793,USD
2021-01-18,1.3296840190887451,1.3397940397262573,1.3267719745635986,1.3295459747314453,16808264,USD
2021-01-19,1.329548954963684,1.3413970470428467,1.32853102684021,1.3315629959106445,19995151,USD
2021-01-20,1.3315060138702393,1.3330260515213013,1.326625943183899,1.3299740552902222,18706450,USD
2021-01-21,1.329982042312622,1.3415709733963013,1.324673056602478,1.3335429430007935,19854454,USD
2021-01-22,1.3335479497909546,1.3412580490112305,1.3280470371246338,1.3299039602279663,19110348,USD
2021-01-23,1.3297539949417114,1.3340599536895752,1.3271039724349976,1.328565001487732,17137624,USD
2021-01-24,1.3285470008850098,1.3319549560546875,1.325937032699585,1.3290400505065918,15443166,USD
2021-01-25,1.329064965248108,1.3306210041046143,1.312667965888977,1.314357042312622,16143342,USD
2021-01-26,1.314399003982544,1.3185830116271973,1.3129390478134155,1.316673994064331,15993816,USD
2021-01-27,1.3166530132293701,1.3188600540161133,1.3137249946594238,1.3154610395431519,18401438,USD
2021-01-28,1.3154699802398682,1.31864595413208,1.3063819408416748,1.313796043395996,15866151,USD
2021-01-29,1.3103229999542236,1.3181289434432983,1.3042759895324707,1.3066389560699463,18719257,USD
2021-01-30,1.3065860271453857,1.3074519634246826,1.2979049682617188,1.3068959712982178,19490091,USD
2021-01-31,1.30684494972229,1.307647943496704,1.2995259761810303,1.302554965019226,18412634,USD
2021-02-01,1.3025250434875488,1.3065030574798584,1.2982460260391235,1.3048980236053467,17235042,USD
2021-02-02,1.3048620223999023,1.3073920011520386,1.2985889911651611,1.3047809600830078,20531346,USD
2021-02-03,1.3048189878463745,1.3086390495300293,1.298367977142334,1.3035409450531006,17422125,USD
2021-02-04,1.3035550117492676,1.3844239711761475,1.2982449531555176,1.3810759782791138,17766310,USD
2021-02-05,1.3811240196228027,1.3848810195922852,1.3793489933013916,1.384829044342041,19588733,USD
2021-02-06,1.384803056716919,1.3875329494476318,1.3802119493484497,1.385172963142395,16581624,USD
2021-02-07,1.3852089643478394,1.3857109546661377,1.3796509504318237,1.3838870525360107,16520523,USD
2021-02-08,1.3838609457015991,1.392575979232788,1.3790969848632812,1.3895200490951538,18539893,USD
2021-02-09,1.3895610570907593,1.3946369886398315,1.3859909772872925,1.3864680528640747,17112676,USD
2021-02-10,1.386544942855835,1.388098955154419,1.3826440572738647,1.3864870071411133,18971193,USD
2021-02-11,1.3864649534225464,1.3886799812316895,1.3835140466690063,1.3849270343780518,17961851,USD
2021-02-12,1.384829044342041,1.386201024055481,1.3817570209503174,1.3837950229644775,19335507,USD
2021-02-13,1.3837709426879883,1.3925540447235107,1.383147954940796,1.392477035522461,20128807,USD
2021-02-14,1.3924369812011719,1.3929330110549927,1.3796429634094238,1.3842970132827759,18977529,USD
2021-02-15,1.3843330144882202,1.3850890398025513,1.378648042678833,1.3823519945144653,18125550,USD
2021-02-16,1.382403016090393,1.3859210014343262,1.378849983215332,1.3828190565109253,18030989,USD
2021-02-17,1.3827630281448364,1.3858829736709595,1.3792749643325806,1.3853759765625,17543048,USD
2021-02-18,1.3853800296783447,1.3884719610214233,1.3791309595108032,1.3858009576797485,1849289,USD
2021-02-19,1.3857940435409546,1.5605429410934448,1.3799610137939453,1.5593249797821045,20667293,USD
2021-02-20,1.560271978378296,1.6243289709091187,1.5211199522018433,1.5225900411605835,7885982,USD
2021-02-21,1.5225369930267334,1.5233750343322754,1.4820810556411743,1.484071969985962,4081253,USD
2021-02-22,1.4840999841690063,1.5125160217285156,1.437453031539917,1.5115629434585571,8300577,USD
2021-02-23,1.5118629932403564,2.09702205657959,1.5106970071792603,1.9561259746551514,25735538,USD
2021-02-24,1.9570389986038208,2.1004199981689453,1.8843480348587036,1.9290200471878052,3323239,USD
2021-02-25,1.9291119575500488,2.1065609455108643,1.9262800216674805,1.9409290552139282,3574500,USD
2021-02-26,1.940142035484314,2.0212008953094482,1.883944034576416,2.018634080886841,3593172,USD
2021-02-27,2.0187160968780518,2.0746541023254395,1.9933350086212158,2.0310308933258057,1062552,USD
2021-02-28,2.0366640090942383,2.0366640090942383,1.8624869585037231,1.908750057220459,3194691,USD
2021-03-01,1.9083069562911987,2.106713056564331,1.9031720161437988,2.101572036743164,2278010,USD
2021-03-02,2.103965997695923,2.1169331073760986,1.906548023223877,1.9214409589767456,2237418,USD
2021-03-03,1.9216959476470947,2.041471004486084,1.9163459539413452,1.9188469648361206,1225063,USD
2021-03-04,1.9229110479354858,1.9408220052719116,1.8939980268478394,1.9093749523162842,938839,USD
2021-03-05,1.9099509716033936,1.9121999740600586,1.8482650518417358,1.8753830194473267,1621834,USD
2021-03-06,1.8757250308990479,1.9361690282821655,1.8557569980621338,1.9080220460891724,2069725,USD
2021-03-07,1.9086270332336426,1.9548120498657227,1.8424160480499268,1.8765480518341064,1195936,USD
2021-03-08,1.8761869668960571,1.9490089416503906,1.8761869668960571,1.9161609411239624,487591,USD
2021-03-09,1.9161590337753296,1.9953089952468872,1.9135630130767822,1.9953089952468872,1419434,USD
2021-03-10,1.9954489469528198,2.0268750190734863,1.9545420408248901,2.014936923980713,1755778,USD
2021-03-11,2.0155580043792725,2.0688860416412354,2.0080089569091797,2.056088924407959,581042,USD
2021-03-12,2.05643892288208,2.097676992416382,1.946226954460144,1.990285038948059,2021189,USD
2021-03-13,1.997663974761963,2.099571943283081,1.9389499425888062,2.0014901161193848,2313080,USD
2021-03-14,2.0070888996124268,2.036345958709717,1.946192979812622,2.0009119510650635,2773691,USD
2021-03-15,1.9993070363998413,2.0593950748443604,1.9570380449295044,2.025974988937378,1769941,USD
2021-03-16,2.0260839462280273,2.0786309242248535,1.9875080585479736,2.053853988647461,2374966,USD
2021-03-17,2.0538721084594727,2.135495901107788,2.0412700176239014,2.115751028060913,3402161,USD
2021-03-18,2.1161749362945557,2.1373450756073,1.9724730253219604,2.1166229248046875,2918316,USD
2021-03-19,2.1165170669555664,2.135852098464966,2.0893640518188477,2.1244099140167236,2514598,USD
2021-03-20,2.1229050159454346,2.136251926422119,2.093173027038574,2.1002540588378906,2549584,USD
2021-03-21,2.098552942276001,2.137382984161377,2.094851016998291,2.11997389793396,2852567,USD
2021-03-22,2.1204209327697754,2.152682065963745,2.082282066345215,2.1212689876556396,771381,USD
2021-03-23,2.1204779148101807,2.147933006286621,2.0917909145355225,2.1254310607910156,2631112,USD
2021-03-24,2.1233229637145996,2.1594059467315674,2.068727970123291,2.102097988128662,2772631,USD
2021-03-25,2.1022720336914062,2.158018112182617,2.0828490257263184,2.116391897201538,1569652,USD
2021-03-26,2.1256279945373535,2.150320053100586,2.0990939140319824,2.1448400020599365,3576435,USD
2021-03-27,2.136662006378174,2.15670108795166,2.1229960918426514,2.151232957839966,3067853,USD
2021-03-28,2.1509079933166504,2.1809070110321045,2.112963914871216,2.1543450355529785,2524679,USD
2021-03-29,2.1451148986816406,2.1725521087646484,2.107891082763672,2.11496901512146,1011659,USD
2021-03-30,2.1139578819274902,2.128882884979248,2.050389051437378,2.0681099891662598,3197305,USD
2021-03-31,2.0680480003356934,2.096635103225708,2.0321381092071533,2.0391149520874023,3466138,USD
2021-04-01,2.039954900741577,2.0630240440368652,2.028433084487915,2.046963930130005,2936218,USD
2021-04-02,2.0468521118164062,2.066483974456787,2.017699956893921,2.0383520126342773,2824048,USD
2021-04-03,2.038558006286621,2.056756019592285,2.008086919784546,2.0244410037994385,2757203,USD
2021-04-04,2.025161027908325,2.0561978816986084,1.9919910430908203,2.017765998840332,2628389,USD
2021-04-05,2.018183946609497,2.0619120597839355,1.983106017112732,2.0234479904174805,2728940,USD
2021-04-06,2.0294981002807617,2.09420108795166,1.9913580417633057,2.09420108795166,2968779,USD
2021-04-07,2.0892300605773926,2.1162140369415283,2.0639829635620117,2.075711965560913,2800513,USD
2021-04-08,2.072761058807373,2.119143009185791,2.068272113800049,2.1001288890838623,2893011,USD
2021-04-09,2.099776029586792,2.1133439540863037,2.084739923477173,2.0950329303741455,2580102,USD
2021-04-10,2.0965518951416016,2.139564037322998,2.0861809253692627,2.1109440326690674,2867660,USD
2021-04-11,2.1086580753326416,2.1474640369415283,2.1086580753326416,2.115511894226074,2872419,USD
2021-04-12,2.1152570247650146,2.1526310443878174,2.1094470024108887,2.1158459186553955,3362460,USD
2021-04-13,2.115220069885254,2.16841197013855,2.1138429641723633,2.133164882659912,2838328,USD
2021-04-14,2.1306140422821045,2.1772119998931885,2.108509063720703,2.1741580963134766,5946624,USD
2021-04-15,2.1743879318237305,2.2586190700531006,2.1696720123291016,2.25449800491333,10514468,USD
2021-04-16,2.252718925476074,2.262279987335205,2.185642957687378,2.247936964035034,5443112,USD
2021-04-17,2.2457990646362305,2.2883338928222656,2.2405378818511963,2.2588319778442383,2944087,USD
2021-04-18,2.2573580741882324,2.3120930194854736,2.133819103240967,2.1600899696350098,4811173,USD
2021-04-19,2.1614830493927,2.2830450534820557,1.931465983390808,1.9506219625473022,8367480,USD
2021-04-20,1.950273036956787,2.246397018432617,1.9218900203704834,2.1793010234832764,3946069,USD
2021-04-21,2.1800549030303955,2.204113006591797,2.155172109603882,2.1640350818634033,2676782,USD
2021-04-22,2.165354013442993,2.282644033432007,2.147144079208374,2.2256319522857666,3425296,USD
2021-04-23,2.224169969558716,2.2907919883728027,1.995690941810608,2.2850759029388428,2717178,USD
2021-04-24,2.286350965499878,2.3181259632110596,2.23111891746521,2.2409379482269287,1098031,USD
2021-04-25,2.24629807472229,2.3338561058044434,2.2258949279785156,2.3119890689849854,2917818,USD
2021-04-26,2.3140079975128174,2.355916976928711,2.2754530906677246,2.310955047607422,2856282,USD
2021-04-27,2.310267925262451,2.3588509559631348,2.280848979949951,2.348026990890503,4265852,USD
2021-04-28,2.3486928939819336,2.3544890880584717,2.2777459621429443,2.308401107788086,2795935,USD
2021-04-29,2.3083300590515137,2.346139907836914,2.296968936920166,2.3369030952453613,2624665,USD
2021-04-30,2.3366189002990723,2.4132370948791504,2.298444986343384,2.410706043243408,4696162,USD
2021-05-01,2.4105000495910645,2.459368944168091,2.405855894088745,2.4531381130218506,2945555,USD
2021-05-02,2.453165054321289,2.473001003265381,2.424004077911377,2.461803913116455,495788,USD
2021-05-03,2.4571011066436768,2.5157470703125,2.4568068981170654,2.499422073364258,3854289,USD
2021-05-04,2.501650094985962,2.543073892593384,2.4662981033325195,2.494990110397339,3839960,USD
2021-05-05,2.4970169067382812,2.9464590549468994,2.4970169067382812,2.9452760219573975,7741622,USD
2021-05-06,2.944667100906372,2.9846889972686768,2.783341884613037,2.9035110473632812,2938183,USD
2021-05-07,2.905689001083374,2.920797109603882,2.8328800201416016,2.859714984893799,4938008,USD
2021-05-08,2.8597779273986816,3.004612922668457,2.8491339683532715,2.9942140579223633,3947617,USD
2021-05-09,2.995328903198242,3.0667359828948975,2.9429988861083984,2.948045015335083,4354318,USD
2021-05-10,2.947829008102417,3.591944932937622,2.914163112640381,3.4891490936279297,7609342,USD
2021-05-11,3.4893550872802734,3.765916109085083,3.297883987426758,3.758847951889038,6377347,USD
2021-05-12,3.758549928665161,3.9182538986206055,3.758549928665161,3.8905179500579834,7187900,USD
2021-05-13,3.8906850814819336,3.8906850814819336,3.3611340522766113,3.4021599292755127,6174728,USD
2021-05-14,3.4021079540252686,3.923013925552368,3.3182449340820312,3.3304030895233154,7638106,USD
2021-05-15,3.324739933013916,3.722309112548828,3.3064560890197754,3.6478428840637207,5372285,USD
2021-05-16,3.6448020935058594,3.808587074279785,3.390537977218628,3.579962968826294,5944493,USD
2021-05-17,3.5788938999176025,3.900054931640625,3.2257449626922607,3.277338981628418,3497613,USD
2021-05-18,3.265162944793701,3.290416955947876,2.8147060871124268,2.845741033554077,6337898,USD
2021-05-19,2.850651979446411,3.2642059326171875,2.5997331142425537,2.7926828861236572,9373460,USD
2021-05-20,2.7883799076080322,3.0095009803771973,2.6626880168914795,2.9434309005737305,5919753,USD
2021-05-21,2.949376106262207,3.0268499851226807,2.5478060245513916,2.5814061164855957,7925768,USD
2021-05-22,2.5839719772338867,2.591948986053467,2.4489939212799072,2.4489939212799072,4585443,USD
2021-05-23,2.4540579319000244,2.660270929336548,2.264503002166748,2.5142440795898438,4598538,USD
2021-05-24,2.5137569904327393,2.547091007232666,2.3244569301605225,2.357677936553955,4543040,USD
2021-05-25,2.3556439876556396,2.446103096008301,2.2679638862609863,2.272615909576416,4162950,USD
2021-05-26,2.277596950531006,2.2970149517059326,2.162898063659668,2.164232015609741,2671179,USD
2021-05-27,2.167098045349121,2.1718010902404785,2.034512996673584,2.0638649463653564,4316099,USD
2021-05-28,2.0614049434661865,2.1765520572662354,2.0382189750671387,2.1333398818969727,3464089,USD
2021-05-29,2.1338489055633545,2.149566888809204,2.0358469486236572,2.0723049640655518,3103034,USD
2021-05-30,2.0741889476776123,2.276308059692383,2.0480880737304688,2.2577850818634033,3022279,USD
2021-05-31,2.2561709880828857,2.4521288871765137,2.2308130264282227,2.4049360752105713,3612880,USD
2021-06-01,2.406054973602295,2.6785640716552734,2.361392021179199,2.673815965652466,3552802,USD
2021-06-02,2.6766860485076904,2.8940889835357666,2.6354219913482666,2.7299270629882812,4340031,USD
2021-06-03,2.7362489700317383,2.95102596282959,2.7149479389190674,2.8704769611358643,4123491,USD
2021-06-04,2.873591899871826,2.955137014389038,2.679302930831909,2.707969903945923,4319014,USD
2021-06-05,2.7076919078826904,2.7492799758911133,2.585179090499878,2.627358913421631,4025088,USD
2021-06-06,2.625087022781372,2.679680109024048,2.4803719520568848,2.4991838932037354,3620299,USD
2021-06-07,2.497472047805786,2.531872034072876,2.3861489295959473,2.463576078414917,1063966,USD
2021-06-08,2.46321702003479,2.855070114135742,2.408421039581299,2.613898992538452,4881116,USD
2021-06-09,2.6217899322509766,2.631295919418335,2.4438209533691406,2.4625589847564697,2981771,USD
2021-06-10,2.463181972503662,2.492443084716797,2.369220018386841,2.3790218830108643,3149574,USD
2021-06-11,2.379162073135376,2.561263084411621,2.3467440605163574,2.4039249420166016,3013163,USD
2021-06-12,2.406325101852417,2.4483110904693604,2.3430280685424805,2.390389919281006,2888602,USD
2021-06-13,2.391895055770874,2.780200958251953,2.379380941390991,2.7674129009246826,4320101,USD
2021-06-14,2.7678439617156982,2.8690149784088135,2.5183138847351074,2.8560619354248047,4338795,USD
2021-06-15,2.415524959564209,2.5284481048583984,2.366642951965332,2.408953905105591,5248259,USD
2021-06-16,2.378545045852661,2.703016996383667,2.370090961456299,2.547079086303711,1880382,USD
2021-06-17,2.5517690181732178,2.734834909439087,2.5362370014190674,2.551469087600708,3336259,USD
2021-06-18,2.5515758991241455,2.657819986343384,2.5141100883483887,2.628005027770996,3029296,USD
2021-06-19,2.6281020641326904,2.6618120670318604,2.565927028656006,2.5842549800872803,573504,USD
2021-06-20,2.584315061569214,2.6478381156921387,2.491002082824707,2.576333999633789,3103458,USD
2021-06-21,2.5753660202026367,2.5927999019622803,2.4444289207458496,2.491179943084717,3187336,USD
2021-06-22,2.4972000122070312,2.5799009799957275,2.307497978210449,2.4842989444732666,3094259,USD
2021-06-23,2.483992099761963,2.743112087249756,2.3973209857940674,2.497757911682129,4138516,USD
2021-06-24,2.428359031677246,2.6221048831939697,2.3907790184020996,2.4253671169281006,2961175,USD
2021-06-25,2.424567937850952,2.5335609912872314,2.322484016418457,2.357269048690796,1886488,USD
2021-06-26,2.3572959899902344,2.402034044265747,2.147749900817871,2.1544079780578613,5034836,USD
2021-06-27,2.156466007232666,2.4352118968963623,2.0645968914031982,2.082421064376831,5080957,USD
2021-06-28,2.0838499069213867,2.482330083847046,2.0724680423736572,2.4194769859313965,4001785,USD
2021-06-29,2.4150779247283936,2.4855690002441406,2.298058032989502,2.420267105102539,3129490,USD
2021-06-30,2.4166970252990723,2.544692039489746,2.3157238960266113,2.544692039489746,2842574,USD
2021-07-01,2.548724889755249,2.5503718852996826,2.3760790824890137,2.4149580001831055,2885714,USD
2021-07-02,2.416163921356201,2.4194750785827637,2.3021950721740723,2.351051092147827,2730125,USD
2021-07-03,2.3508689403533936,2.4433770179748535,2.341583013534546,2.351288080215454,478932,USD
2021-07-04,2.3511910438537598,2.4739060401916504,2.3449668884277344,2.408392906188965,2982206,USD
2021-07-05,2.4087278842926025,2.6227049827575684,2.381882905960083,2.561858892440796,2244352,USD
2021-07-06,2.560905933380127,2.716517925262451,2.5468549728393555,2.7114319801330566,3224855,USD
2021-07-07,2.7125461101531982,2.7499051094055176,2.686814069747925,2.7224690914154053,2925078,USD
2021-07-08,2.7255499362945557,2.8919761180877686,2.6874170303344727,2.8761589527130127,3478732,USD
2021-07-09,2.8743479251861572,2.9311869144439697,2.84313702583313,2.900784969329834,2820116,USD
2021-07-10,2.8947479724884033,2.922667980194092,2.8099520206451416,2.8779830932617188,2754530,USD
2021-07-11,2.878704071044922,2.9332211017608643,2.8772730827331543,2.8966689109802246,2825815,USD
2021-07-12,2.8968729972839355,2.9333410263061523,2.8667640686035156,2.919532060623169,2778722,USD
2021-07-13,2.91725492477417,2.9422500133514404,2.876633882522583,2.920409917831421,266082,USD
2021-07-14,2.9203829765319824,2.9491920471191406,2.8480160236358643,2.934499979019165,2911206,USD
2021-07-15,2.934907913208008,2.969012975692749,2.8631579875946045,2.887092113494873,2756152,USD
2021-07-16,2.8918769359588623,2.974498987197876,2.884108066558838,2.9192190170288086,2949109,USD
2021-07-17,2.9187300205230713,2.951754093170166,2.8903470039367676,2.9160289764404297,2945898,USD
2021-07-18,2.9164559841156006,2.9933340549468994,2.9156439304351807,2.967849016189575,2966925,USD
2021-07-19,2.9680418968200684,3.022813081741333,2.9006669521331787,3.0085721015930176,2935448,USD
2021-07-20,3.008626937866211,3.1454501152038574,2.943131923675537,3.1454501152038574,2122127,USD
2021-07-21,3.143285036087036,3.174649953842163,2.5675580501556396,2.576335906982422,2679062,USD
2021-07-22,2.5778439044952393,2.7878470420837402,2.5212531089782715,2.7878470420837402,1483778,USD
2021-07-23,2.7880918979644775,2.8255810737609863,2.6699399948120117,2.7946200370788574,2199102,USD
2021-07-24,2.7946650981903076,2.9623119831085205,2.786036968231201,2.889461040496826,1907887,USD
2021-07-25,2.890571117401123,2.9314849376678467,2.7568490505218506,2.784816026687622,1876623,USD
2021-07-26,2.784034013748169,3.043148994445801,2.548125982284546,2.7657530307769775,3208832,USD
2021-07-27,2.764641046524048,2.9031729698181152,2.7109758853912354,2.833383083343506,2285799,USD
2021-07-28,2.8355159759521484,3.101896047592163,2.7032310962677,3.100977897644043,2564036,USD
2021-07-29,3.099885940551758,3.111388921737671,2.7011940479278564,2.7953989505767822,2464364,USD
2021-07-30,2.7962429523468018,2.9996800422668457,2.7896339893341064,2.99371600151062,1867588,USD
2021-07-31,2.9944400787353516,3.07926607131958,2.978713035583496,3.058048963546753,2023552,USD
2021-08-01,3.0564138889312744,3.102834939956665,2.9306139945983887,3.0864059925079346,2222937,USD
2021-08-02,3.0840320587158203,3.1057920455932617,2.9743990898132324,3.0861310958862305,2183713,USD
2021-08-03,3.086862087249756,3.106987953186035,2.981734037399292,2.9960520267486572,2075652,USD
2021-08-04,2.9968960285186768,3.057671070098877,2.985656976699829,3.003596067428589,2052329,USD
2021-08-05,3.0019168853759766,3.066416025161743,2.9659149646759033,3.0093750953674316,1996936,USD
2021-08-06,3.0059618949890137,3.0887680053710938,2.9741709232330322,3.0181379318237305,2182493,USD
2021-08-07,3.016824960708618,3.056925058364868,2.9805080890655518,3.0157461166381836,2316346,USD
2021-08-08,3.0122549533843994,3.0167930126190186,2.946882963180542,2.9925460815429688,1974273,USD
2021-08-09,2.994236946105957,3.0066959857940674,2.719881057739258,2.968832015991211,3815091,USD
2021-08-10,2.969923973083496,3.0052289962768555,2.8824338912963867,2.983614921569824,2036898,USD
2021-08-11,2.9847500324249268,3.014944076538086,2.8664278984069824,2.8762989044189453,2255028,USD
2021-08-12,2.8744471073150635,2.9732799530029297,2.870666027069092,2.952138900756836,2130055,USD
2021-08-13,2.9512319564819336,3.002929925918579,2.9327149391174316,2.976824998855591,2225690,USD
2021-08-14,2.9759740829467773,3.001884937286377,2.9391119480133057,2.986052989959717,2076217,USD
2021-08-15,2.9863040447235107,3.009368896484375,2.960114002227783,2.994839906692505,2098507,USD
2021-08-16,2.9961249828338623,3.0100350379943848,2.9377849102020264,2.9904301166534424,2233572,USD
2021-08-17,2.988917112350464,3.0291619300842285,2.9239089488983154,2.966881036758423,2170337,USD
2021-08-18,2.9671409130096436,2.991240978240967,2.919961929321289,2.966465950012207,2062767,USD
2021-08-19,2.9649250507354736,3.012012004852295,2.926832914352417,2.995089054107666,2100978,USD
2021-08-20,2.995958089828491,3.0265109539031982,2.9352879524230957,2.950946092605591,2221348,USD
2021-08-21,2.951641082763672,2.994175910949707,2.9404170513153076,2.950061082839966,1426749,USD
2021-08-22,2.955277919769287,2.9957621097564697,2.9330060482025146,2.960045099258423,1776313,USD
2021-08-23,2.9592180252075195,3.0123369693756104,2.9568231105804443,2.990544080734253,2070894,USD
2021-08-24,2.9907429218292236,3.034013032913208,2.869007110595703,2.8789560794830322,2680324,USD
2021-08-25,2.8805689811706543,3.0038089752197266,2.8805689811706543,2.9487719535827637,3074231,USD
2021-08-26,2.949345111846924,3.020108938217163,2.903204917907715,2.9230499267578125,3158765,USD
2021-08-27,2.918428897857666,3.0028860569000244,2.912645101547241,2.9772090911865234,2304673,USD
2021-08-28,2.9775609970092773,2.993947982788086,2.9637300968170166,2.989103078842163,2153581,USD
2021-08-29,2.9887731075286865,3.0052709579467773,2.9357750415802,2.9601659774780273,2449091,USD
2021-08-30,2.9605789184570312,3.0061120986938477,2.9398789405822754,2.97137188911438,2372089,USD
2021-08-31,2.972188949584961,3.0220539569854736,2.9296600818634033,2.9451920986175537,2727546,USD
2021-09-01,2.944118022918701,2.9987740516662598,2.8915019035339355,2.968928098678589,2856336,USD
2021-09-02,2.958724021911621,2.968190908432007,2.88804292678833,2.937721014022827,2582429,USD
2021-09-03,2.9368200302124023,2.9950249195098877,2.9245500564575195,2.9950039386749268,2825369,USD
2021-09-04,2.9947381019592285,2.9968950748443604,2.9668149948120117,2.9772119522094727,2401808,USD
2021-09-05,2.9766669273376465,3.009653091430664,2.9213709831237793,2.9583990573883057,3263488,USD
2021-09-06,2.956231117248535,3.1201388835906982,2.956231117248535,2.9811439514160156,4614065,USD
2021-09-07,2.979820966720581,3.1860709190368652,2.8672280311584473,3.143238067626953,4468390,USD
2021-09-08,3.1425459384918213,3.2135519981384277,3.0779340267181396,3.118051052093506,3152986,USD
2021-09-09,3.1114590167999268,3.1801860332489014,3.089806079864502,3.1456000804901123,2874883,USD
2021-09-10,3.145298957824707,3.169558048248291,2.9771430492401123,3.043895959854126,3264608,USD
2021-09-11,3.0446999073028564,3.0887908935546875,3.038149118423462,3.0820939540863037,2460058,USD
2021-09-12,3.0829720497131348,3.1394309997558594,3.0168840885162354,3.0383589267730713,2526227,USD
2021-09-13,3.037431001663208,3.1309990882873535,3.0004279613494873,3.0618879795074463,2589843,USD
2021-09-14,3.0614640712738037,3.088987112045288,3.020749092102051,3.0760610103607178,2727431,USD
2021-09-15,3.0771970748901367,3.1718521118164062,3.0608301162719727,3.1718521118164062,2711780,USD
2021-09-16,3.1767399311065674,3.2142300605773926,3.0772299766540527,3.077707052230835,3077785,USD
2021-09-17,3.0772669315338135,3.1155219078063965,2.9650819301605225,3.1084349155426025,2642462,USD
2021-09-18,3.1098620891571045,3.1788110733032227,3.028449058532715,3.1199378967285156,3491600,USD
2021-09-19,3.1208529472351074,3.1584370136260986,2.9957380294799805,3.0130789279937744,2682006,USD
2021-09-20,3.012573003768921,3.092927932739258,2.9224960803985596,2.9570140838623047,2876861,USD
2021-09-21,2.9624850749969482,3.0370469093322754,2.9116859436035156,3.016200065612793,3244819,USD
2021-09-22,3.0240039825439453,3.056575059890747,2.9864211082458496,3.0383729934692383,2687192,USD
2021-09-23,3.0381550788879395,3.045397996902466,2.9702000617980957,3.01501202583313,2476491,USD
2021-09-24,3.014646053314209,3.0162229537963867,2.8960819244384766,2.9589459896087646,3455167,USD
2021-09-25,2.958735942840576,2.9607200622558594,2.8246500492095947,2.8321681022644043,2832725,USD
2021-09-26,2.832444906234741,2.891871929168701,2.7727720737457275,2.799536943435669,2758990,USD
2021-09-27,2.800942897796631,2.851217031478882,2.7137699127197266,2.7247729301452637,3067419,USD
2021-09-28,2.7244820594787598,2.764235019683838,2.6561050415039062,2.6836249828338623,2476334,USD
2021-09-29,2.685192108154297,2.93892502784729,2.666623115539551,2.916166067123413,2367805,USD
2021-09-30,2.9163119792938232,2.9923839569091797,2.7937729358673096,2.821115016937256,2921797,USD
2021-10-01,2.8284730911254883,2.9541749954223633,2.8209900856018066,2.898832082748413,2602712,USD
2021-10-02,2.9005560874938965,2.957300901412964,2.8977210521698,2.954396963119507,2192647,USD
2021-10-03,2.9432010650634766,2.970031976699829,2.886051893234253,2.9473791122436523,2443315,USD
2021-10-04,2.951590061187744,2.967237949371338,2.880084991455078,2.906964063644409,2838793,USD
2021-10-05,2.906198024749756,2.9701850414276123,2.9023489952087402,2.9590840339660645,2743506,USD
2021-10-06,2.9570090770721436,2.9672539234161377,2.889301061630249,2.8969249725341797,2753874,USD
2021-10-07,2.9014179706573486,2.963442087173462,2.888127088546753,2.8990249633789062,2556543,USD
2021-10-08,2.8984389305114746,2.9126219749450684,2.7694849967956543,2.7803170680999756,2495550,USD
2021-10-09,2.788762092590332,2.8496921062469482,2.776076078414917,2.8382530212402344,2268219,USD
2021-10-10,2.829472064971924,2.889230966567993,2.7588119506835938,2.7690138816833496,2679889,USD
2021-10-11,2.768707036972046,2.7767770290374756,2.72918701171875,2.7428228855133057,2421878,USD
2021-10-12,2.7444279193878174,2.8170149326324463,2.7427361011505127,2.803812026977539,2592987,USD
2021-10-13,2.804171085357666,2.8226449489593506,2.689229965209961,2.8072919845581055,2437895,USD
2021-10-14,2.807323932647705,2.8169710636138916,2.6698338985443115,2.678873062133789,3044871,USD
2021-10-15,2.6789169311523438,2.9727330207824707,2.626394033432007,2.8457870483398438,3538868,USD
2021-10-16,2.8459489345550537,2.906649112701416,2.8353800773620605,2.9040489196777344,3150023,USD
2021-10-17,2.900697946548462,2.9505441188812256,2.8522019386291504,2.872941017150879,2965065,USD
2021-10-18,2.8734350204467773,2.9625439643859863,2.855700969696045,2.913383960723877,2792035,USD
2021-10-19,2.9130420684814453,2.9861860275268555,2.8555099964141846,2.9835660457611084,2767978,USD
2021-10-20,2.9836061000823975,3.169382095336914,2.897639036178589,3.16813588142395,3336668,USD
2021-10-21,3.1684091091156006,3.35748291015625,3.0239129066467285,3.1874239444732666,3502650,USD
2021-10-22,3.194991111755371,3.4173789024353027,3.177077054977417,3.4131860733032227,2763323,USD
2021-10-23,3.4144809246063232,3.4793989658355713,3.2150089740753174,3.2150089740753174,2674732,USD
2021-10-24,3.21476411819458,3.2843880653381348,3.0413339138031006,3.2554879188537598,2646504,USD
2021-10-25,3.255328893661499,3.27980899810791,3.1486709117889404,3.254196882247925,3122442,USD
2021-10-26,3.2651560306549072,3.38210391998291,3.2518210411071777,3.3783419132232666,2817188,USD
2021-10-27,3.379997968673706,3.431088924407959,3.1391730308532715,3.152013063430786,3045815,USD
2021-10-28,3.1515960693359375,3.238327980041504,3.120497941970825,3.2140469551086426,2724667,USD
2021-10-29,3.211116075515747,3.347446918487549,3.1218039989471436,3.2881689071655273,2816703,USD
2021-10-30,3.287447929382324,3.3349061012268066,3.14914608001709,3.318455934524536,2749663,USD
2021-10-31,3.3247690200805664,3.371709108352661,3.245537042617798,3.349679946899414,2780027,USD
2021-11-01,3.3420159816741943,3.4241058826446533,3.3110239505767822,3.315819025039673,3120434,USD
2021-11-02,3.3128890991210938,3.3868980407714844,3.3118278980255127,3.355285882949829,3401929,USD
2021-11-03,3.360835075378418,3.4206979274749756,3.318697929382324,3.3931970596313477,3272510,USD
2021-11-04,3.3933310508728027,3.427522897720337,3.267404079437256,3.2768590450286865,2957322,USD
2021-11-05,3.2797811031341553,3.3308498859405518,3.136502981185913,3.18670392036438,3071458,USD
2021-11-06,3.1865971088409424,3.326785087585449,3.179511070251465,3.241633892059326,2801643,USD
2021-11-07,3.241342067718506,3.2987680435180664,3.2021069526672363,3.2776989936828613,2698590,USD
2021-11-08,3.2754740715026855,3.348397970199585,3.2219009399414062,3.277095079421997,2886860,USD
2021-11-09,3.2790400981903076,3.3605599403381348,3.222946882247925,3.3486759662628174,2941561,USD
2021-11-10,3.355323076248169,3.4791340827941895,3.2498130798339844,3.4633750915527344,3034313,USD
2021-11-11,3.462893009185791,3.505265951156616,3.2294580936431885,3.2308130264282227,3116175,USD
2021-11-12,3.230220079421997,3.2316269874572754,3.1165199279785156,3.1195590496063232,2936180,USD
2021-11-13,3.120521068572998,3.121380090713501,2.7063400745391846,2.79961895942688,3551468,USD
2021-11-14,2.799607038497925,2.9396109580993652,2.685602903366089,2.911832094192505,2951398,USD
2021-11-15,2.913180112838745,2.9996800422668457,2.910780906677246,2.98136305809021,2492726,USD
2021-11-16,2.9827880859375,3.1492950916290283,2.892812967300415,3.0658750534057617,3968457,USD
2021-11-17,3.0604090690612793,3.1603939533233643,3.027920961380005,3.1411659717559814,2711378,USD
2021-11-18,3.1395440101623535,3.164952039718628,3.0582449436187744,3.161623001098633,2786176,USD
2021-11-19,3.162024974822998,3.2281041145324707,3.1290009021759033,3.1477649211883545,745557,USD
2021-11-20,3.150357961654663,3.228869915008545,3.1311988830566406,3.204158067703247,479900,USD
2021-11-21,3.2045109272003174,3.3336400985717773,3.1903960704803467,3.3006210327148438,2981354,USD
2021-11-22,3.3066511154174805,3.5342819690704346,3.273967981338501,3.3590829372406006,3179539,USD
2021-11-23,3.3589539527893066,3.5084290504455566,3.303658962249756,3.316632032394409,2909560,USD
2021-11-24,3.316581964492798,3.483747959136963,3.232590913772583,3.3870439529418945,2914468,USD
2021-11-25,3.239103078842163,3.4131150245666504,3.101749897003174,3.324070930480957,2896140,USD
2021-11-26,3.116300106048584,3.1643528938293457,3.110400915145874,3.1643059253692627,2426722,USD
2021-11-27,3.1657180786132812,3.291443109512329,3.111974000930786,3.12915301322937,2640869,USD
2021-11-28,3.118730068206787,3.4143359661102295,3.115004062652588,3.4119040966033936,2852970,USD
2021-11-29,3.4141321182250977,3.476707935333252,3.293942928314209,3.3517510890960693,3118212,USD
2021-11-30,3.3515241146087646,3.4808459281921387,3.2330539226531982,3.358181953430176,3056638,USD
2021-12-01,3.3462789058685303,3.539108991622925,3.2806520462036133,3.3383591175079346,3033231,USD
2021-12-02,3.3426990509033203,3.551908016204834,3.2818400859832764,3.4462409019470215,3080626,USD
2021-12-03,3.445965051651001,3.607935905456543,3.299983024597168,3.299983024597168,3253772,USD
2021-12-04,3.3009400367736816,3.675286054611206,3.19016695022583,3.5486230850219727,5340723,USD
2021-12-05,3.5476861000061035,3.6827869415283203,3.3394830226898193,3.60042405128479,3271976,USD
2021-12-06,3.5984280109405518,3.678719997406006,3.375143051147461,3.615097999572754,3695298,USD
2021-12-07,3.6146650314331055,3.697998046875,3.540055990219116,3.6287529468536377,3377094,USD
2021-12-08,3.6273159980773926,3.7009871006011963,3.560920000076294,3.609822988510132,3444596,USD
2021-12-09,3.6096129417419434,3.7017550468444824,3.5729269981384277,3.700701951980591,3062336,USD
2021-12-10,3.700556993484497,3.7165870666503906,3.6813979148864746,3.7086119651794434,2951185,USD
2021-12-11,3.7097549438476562,3.7389719486236572,3.703742027282715,3.736459970474243,3126782,USD
2021-12-12,3.7365880012512207,3.739466905593872,3.6191670894622803,3.726886034011841,3195612,USD
2021-12-13,3.727360963821411,3.737746000289917,3.594062089920044,3.6251049041748047,3152893,USD
2021-12-14,3.623991012573242,3.6301040649414062,3.398313045501709,3.5200839042663574,2950737,USD
2021-12-15,3.4704020023345947,3.5582640171051025,3.3896069526672363,3.5361509323120117,3229704,USD
2021-12-16,3.5359959602355957,3.656748056411743,3.5356500148773193,3.58705997467041,2965374,USD
2021-12-17,3.587019920349121,3.6833910942077637,3.482274055480957,3.6063389778137207,3075141,USD
2021-12-18,3.605870008468628,3.6455469131469727,3.4786500930786133,3.5140480995178223,3098721,USD
2021-12-19,3.514396905899048,3.6108460426330566,3.455883026123047,3.4767210483551025,2830243,USD
2021-12-20,3.485732078552246,3.6328799724578857,3.475275993347168,3.5723330974578857,3109859,USD
2021-12-21,3.570405960083008,3.7123000621795654,3.570405960083008,3.608678102493286,3133026,USD
2021-12-22,3.6066439151763916,3.7203590869903564,3.5912559032440186,3.615981101989746,3410475,USD
2021-12-23,3.6157209873199463,3.7215468883514404,3.563183069229126,3.624206066131592,3972614,USD
2021-12-24,3.6103899478912354,3.644442081451416,3.560789108276367,3.5829129219055176,3493405,USD
2021-12-25,3.5827300548553467,3.6922659873962402,3.559448003768921,3.5684590339660645,3627868,USD
2021-12-26,3.570094108581543,3.5805470943450928,3.4686501026153564,3.4901740550994873,3493967,USD
2021-12-27,3.4895899295806885,3.6197550296783447,3.4398159980773926,3.4664719104766846,4111884,USD
2021-12-28,3.468453884124756,3.5992350578308105,3.4172170162200928,3.588468074798584,4019275,USD
2021-12-29,3.5878350734710693,3.7435379028320312,3.5852339267730713,3.72170090675354,4081821,USD
2021-12-30,3.7218689918518066,3.8078110218048096,3.7218689918518066,3.790644884109497,4179349,USD
2021-12-31,3.7908079624176025,3.8373959064483643,3.737715005874634,3.7680740356445312,4707323,USD
